11,0,protrump
12,0,protrump
14,0,protrump
17,0,neutral
30,0,protrump
56,1,protrump
57,1,neutral
58,1,antitrump
59,1,antitrump
61,1,antitrump
62,1,protrump
63,1,protrump
74,1,protrump
75,1,protrump
60,1,antitrump
76,1,protrump
77,1,neutral
78,1,antitrump
80,1,protrump
81,1,protrump
82,1,protrump
83,1,antitrump
90,1,antitrump
91,1,protrump
92,1,protrump
93,1,protrump
96,1,protrump
97,1,antitrump
98,1,protrump
99,1,protrump
102,1,protrump
103,1,antitrump
106,1,neutral
107,1,protrump
114,1,antitrump
115,1,protrump
116,1,antitrump
117,1,antitrump
120,1,antitrump
121,1,protrump
125,1,protrump
126,1,protrump
127,1,protrump
131,1,protrump
132,1,protrump
133,1,protrump
134,1,protrump
135,1,protrump
136,1,neutral
137,1,protrump
138,1,protrump
151,1,protrump
152,1,antitrump
157,1,antitrump
158,1,antitrump
161,1,protrump
162,1,protrump
68,1,protrump
165,1,protrump
167,1,protrump
171,1,protrump
172,1,protrump
174,1,antitrump
176,1,protrump
177,1,protrump
179,1,protrump
180,1,protrump
182,1,neutral
183,1,antitrump
184,1,protrump
185,1,protrump
186,1,neutral
187,1,protrump
188,1,antitrump
189,1,neutral
192,1,protrump
193,1,protrump
163,1,neutral
196,1,protrump
197,1,protrump
206,1,antitrump
207,1,protrump
208,1,protrump
212,1,antitrump
122,1,antitrump
214,1,antitrump
215,1,protrump
219,1,protrump
220,1,protrump
221,1,protrump
222,1,antitrump
231,1,protrump
202,1,protrump
111,1,protrump
234,1,protrump
150,1,protrump
235,1,protrump
236,1,neutral
237,1,protrump
246,1,neutral
245,1,protrump
247,1,protrump
252,1,protrump
253,1,protrump
255,1,neutral
256,1,protrump
257,1,protrump
258,1,antitrump
259,1,antitrump
142,1,antitrump
261,1,antitrump
263,1,protrump
264,1,neutral
265,1,antitrump
266,1,protrump
270,1,protrump
156,1,protrump
271,1,protrump
272,1,protrump
273,1,neutral
275,1,antitrump
276,1,protrump
277,1,neutral
278,1,protrump
279,1,antitrump
280,1,protrump
281,1,protrump
282,1,protrump
291,1,protrump
292,1,protrump
293,1,antitrump
296,1,protrump
297,1,antitrump
298,1,protrump
300,1,antitrump
205,1,protrump
301,1,antitrump
302,1,protrump
305,1,protrump
306,1,protrump
307,1,antitrump
308,1,antitrump
311,1,protrump
312,1,antitrump
313,1,antitrump
314,1,protrump
315,1,antitrump
316,1,protrump
317,1,protrump
320,1,protrump
321,1,neutral
322,1,antitrump
323,1,antitrump
324,1,protrump
331,1,protrump
332,1,protrump
333,1,antitrump
227,1,protrump
334,1,protrump
335,1,protrump
336,1,antitrump
337,1,protrump
339,1,protrump
340,1,protrump
341,1,protrump
342,1,protrump
344,1,neutral
345,1,neutral
346,1,antitrump
347,1,protrump
87,1,antitrump
349,1,protrump
351,1,protrump
210,1,protrump
352,1,protrump
355,1,protrump
356,1,protrump
360,1,neutral
364,1,neutral
365,1,protrump
367,1,protrump
368,1,protrump
372,1,protrump
373,1,antitrump
374,1,protrump
375,1,protrump
377,1,protrump
378,1,antitrump
379,1,protrump
385,1,protrump
386,1,neutral
389,1,protrump
390,1,protrump
391,1,antitrump
392,1,protrump
393,1,protrump
394,1,antitrump
397,1,protrump
399,1,protrump
362,1,protrump
400,1,protrump
401,1,neutral
402,1,antitrump
404,1,antitrump
405,1,protrump
406,1,antitrump
412,1,protrump
413,1,protrump
414,1,protrump
415,1,neutral
417,1,protrump
418,1,protrump
428,1,antitrump
430,1,antitrump
431,1,protrump
154,1,protrump
440,1,protrump
441,1,protrump
446,1,protrump
447,1,protrump
452,1,protrump
453,1,protrump
456,1,neutral
457,1,antitrump
460,1,protrump
464,1,protrump
89,1,protrump
468,1,protrump
449,1,protrump
479,1,neutral
238,1,protrump
480,1,neutral
484,1,protrump
485,1,neutral
489,1,antitrump
490,1,protrump
330,1,protrump
493,1,antitrump
366,1,protrump
496,1,antitrump
497,1,protrump
498,1,protrump
500,1,protrump
501,1,antitrump
503,1,neutral
504,1,protrump
506,1,protrump
507,1,protrump
512,1,protrump
526,1,protrump
534,1,protrump
536,1,protrump
463,1,protrump
543,1,neutral
544,1,protrump
304,1,protrump
545,1,neutral
546,1,antitrump
100,1,protrump
328,1,protrump
573,1,protrump
574,1,protrump
439,1,protrump
580,1,antitrump
581,1,protrump
584,1,protrump
587,1,protrump
588,1,protrump
427,1,protrump
589,1,neutral
590,1,protrump
592,1,neutral
593,1,protrump
594,1,protrump
595,1,protrump
596,1,protrump
597,1,neutral
598,1,protrump
599,1,protrump
600,1,protrump
601,1,protrump
602,1,protrump
603,1,protrump
604,1,protrump
606,1,protrump
348,1,antitrump
607,1,protrump
608,1,protrump
260,1,protrump
609,1,antitrump
610,1,neutral
611,1,protrump
612,1,protrump
613,1,neutral
618,1,protrump
274,1,protrump
619,1,protrump
620,1,protrump
623,1,protrump
429,1,neutral
625,1,protrump
629,1,neutral
630,1,neutral
631,1,protrump
626,1,protrump
634,1,protrump
569,1,protrump
638,1,protrump
639,1,neutral
640,1,protrump
643,1,antitrump
644,1,protrump
645,1,protrump
363,1,protrump
648,1,antitrump
650,1,protrump
655,1,protrump
657,1,protrump
658,1,protrump
665,1,antitrump
670,1,protrump
671,1,neutral
676,1,protrump
677,1,antitrump
683,1,protrump
684,1,protrump
699,1,protrump
700,1,protrump
701,1,protrump
717,1,neutral
718,1,protrump
724,1,neutral
725,1,protrump
458,1,neutral
651,1,protrump
733,1,neutral
734,1,antitrump
740,1,antitrump
741,1,protrump
742,1,protrump
438,1,protrump
747,1,antitrump
748,1,protrump
750,1,protrump
751,1,neutral
469,1,protrump
754,1,protrump
755,1,protrump
756,1,protrump
761,1,protrump
762,1,antitrump
763,1,protrump
766,1,protrump
767,1,protrump
770,1,antitrump
579,1,antitrump
524,1,protrump
771,1,antitrump
776,1,protrump
777,1,protrump
781,1,antitrump
784,1,protrump
785,1,protrump
794,1,protrump
108,1,neutral
803,1,protrump
804,1,antitrump
807,1,protrump
809,1,neutral
810,1,protrump
812,1,protrump
774,1,protrump
819,1,protrump
820,1,protrump
821,1,protrump
822,1,protrump
825,1,antitrump
826,1,antitrump
829,1,neutral
830,1,protrump
835,1,antitrump
836,1,neutral
846,1,protrump
847,1,antitrump
849,1,protrump
850,1,protrump
851,1,protrump
852,1,protrump
853,1,neutral
855,1,antitrump
859,1,protrump
408,1,protrump
862,1,protrump
867,1,neutral
147,1,antitrump
869,1,antitrump
871,1,neutral
872,1,neutral
873,1,protrump
874,1,protrump
875,1,protrump
876,1,antitrump
881,1,protrump
882,1,antitrump
145,1,antitrump
806,1,neutral
887,1,protrump
893,1,protrump
901,1,protrump
903,1,protrump
904,1,antitrump
908,1,antitrump
909,1,antitrump
920,1,protrump
921,1,neutral
922,1,protrump
925,1,protrump
926,1,protrump
933,1,protrump
934,1,antitrump
938,1,antitrump
432,1,protrump
946,1,antitrump
535,1,neutral
947,1,protrump
948,1,neutral
949,1,antitrump
695,1,antitrump
960,1,protrump
968,1,protrump
969,1,protrump
973,1,protrump
974,1,antitrump
975,1,protrump
976,1,protrump
981,1,protrump
982,1,protrump
985,1,antitrump
997,2,antitrump
998,2,protrump
999,2,antitrump
1000,2,protrump
1001,2,protrump
1002,2,protrump
1003,2,neutral
1006,2,neutral
1007,2,protrump
1008,2,antitrump
1009,2,antitrump
1010,2,antitrump
1011,2,protrump
1019,2,protrump
1013,2,protrump
1023,2,protrump
1024,2,neutral
1025,2,protrump
1026,2,protrump
1029,2,protrump
1030,2,protrump
1031,2,protrump
1032,2,protrump
1033,2,neutral
1034,2,protrump
1037,2,antitrump
1038,2,protrump
1039,2,antitrump
1040,2,antitrump
1041,2,protrump
1044,2,antitrump
1045,2,antitrump
1046,2,protrump
1047,2,protrump
1049,2,protrump
1050,2,neutral
1051,2,antitrump
1052,2,protrump
1063,2,neutral
1064,2,protrump
1067,2,antitrump
1068,2,protrump
1070,2,antitrump
1071,2,neutral
1073,2,antitrump
1074,2,neutral
1075,2,protrump
1076,2,neutral
1077,2,protrump
1078,2,neutral
1079,2,neutral
1081,2,protrump
1082,2,antitrump
1083,2,protrump
1085,2,protrump
1086,2,protrump
1087,2,protrump
1088,2,protrump
1089,2,protrump
1090,2,protrump
1091,2,protrump
1092,2,protrump
1098,2,protrump
1099,2,protrump
1100,2,protrump
1054,2,antitrump
1101,2,protrump
1102,2,protrump
1103,2,antitrump
1105,2,protrump
1106,2,antitrump
1107,2,protrump
1108,2,protrump
1109,2,antitrump
1110,2,protrump
1111,2,protrump
1113,2,antitrump
1114,2,protrump
1115,2,neutral
1116,2,antitrump
1117,2,neutral
1119,2,protrump
1120,2,antitrump
1121,2,neutral
1128,2,protrump
1129,2,antitrump
1130,2,protrump
1131,2,protrump
1132,2,neutral
1133,2,antitrump
1134,2,neutral
1135,2,antitrump
1136,2,protrump
1143,2,antitrump
1145,2,protrump
1146,2,protrump
1147,2,protrump
1148,2,antitrump
1149,2,antitrump
1150,2,neutral
1151,2,protrump
1152,2,antitrump
1153,2,protrump
1154,2,protrump
1155,2,neutral
1156,2,antitrump
1157,2,protrump
1158,2,protrump
1159,2,antitrump
1160,2,protrump
1161,2,antitrump
1162,2,protrump
1055,2,protrump
1163,2,antitrump
1164,2,antitrump
1168,2,protrump
1169,2,antitrump
1170,2,protrump
1171,2,protrump
1172,2,antitrump
1174,2,antitrump
1175,2,protrump
1176,2,neutral
1178,2,protrump
1177,2,protrump
1181,2,protrump
1182,2,antitrump
1183,2,antitrump
1187,2,protrump
1188,2,protrump
1021,2,protrump
1189,2,antitrump
1190,2,protrump
1191,2,antitrump
1084,2,protrump
1195,2,antitrump
1016,2,protrump
1144,2,antitrump
1199,2,protrump
1200,2,antitrump
1201,2,protrump
1204,2,protrump
1205,2,antitrump
1209,2,antitrump
1210,2,protrump
1211,2,protrump
1212,2,antitrump
1213,2,antitrump
1214,2,protrump
1226,2,protrump
1227,2,protrump
1229,2,antitrump
1230,2,protrump
1231,2,protrump
1232,2,neutral
1233,2,protrump
1234,2,antitrump
1235,2,protrump
1185,2,protrump
1236,2,neutral
1239,2,antitrump
1240,2,protrump
1243,2,protrump
1196,2,neutral
1245,2,protrump
1246,2,protrump
1208,2,protrump
1247,2,protrump
1249,2,protrump
1251,2,antitrump
1252,2,antitrump
1253,2,protrump
1254,2,antitrump
1257,2,protrump
1260,2,protrump
1261,2,protrump
1264,2,neutral
1265,2,protrump
1266,2,protrump
1267,2,protrump
1269,2,protrump
1270,2,antitrump
1271,2,antitrump
1274,2,protrump
1275,2,neutral
1277,2,protrump
1194,2,protrump
1198,2,protrump
1284,2,neutral
1285,2,protrump
1286,2,protrump
1287,2,protrump
1298,2,protrump
1296,2,protrump
1263,2,neutral
1301,2,protrump
1302,2,protrump
1305,2,protrump
1306,2,protrump
1311,2,antitrump
1312,2,antitrump
1317,2,antitrump
1318,2,protrump
1323,2,protrump
1324,2,neutral
1325,2,protrump
1326,2,protrump
1329,2,protrump
1330,2,antitrump
1331,2,protrump
1332,2,protrump
1334,2,protrump
1335,2,antitrump
1336,2,protrump
1338,2,protrump
1339,2,antitrump
1020,2,protrump
1340,2,neutral
1341,2,protrump
1345,2,protrump
1346,2,protrump
1347,2,protrump
1348,2,protrump
1349,2,neutral
1353,2,antitrump
1354,2,neutral
1362,2,protrump
1363,2,protrump
1366,2,protrump
1369,2,antitrump
1386,2,antitrump
1390,2,neutral
1391,2,protrump
1394,2,antitrump
1395,2,protrump
1398,2,protrump
1399,2,protrump
1400,2,protrump
1402,2,antitrump
1403,2,protrump
1405,2,protrump
1406,2,protrump
1410,2,protrump
1411,2,protrump
1412,2,antitrump
1413,2,protrump
1416,2,neutral
1417,2,protrump
1419,2,protrump
1072,2,antitrump
1420,2,protrump
1421,2,protrump
1422,2,protrump
1423,2,protrump
1426,2,protrump
1428,2,protrump
1429,2,protrump
1433,2,protrump
1434,2,protrump
1292,2,protrump
1223,2,antitrump
1440,2,protrump
1441,2,protrump
1442,2,protrump
1443,2,protrump
1444,2,neutral
1451,2,antitrump
1452,2,protrump
1464,2,antitrump
1469,2,antitrump
1470,2,neutral
1473,2,antitrump
1455,2,protrump
1477,2,protrump
1279,2,protrump
1482,2,protrump
1483,2,protrump
1484,2,antitrump
1486,2,neutral
1488,2,neutral
1487,2,neutral
1489,2,protrump
1495,2,protrump
1496,2,protrump
1497,2,neutral
1503,2,protrump
1504,2,antitrump
1509,2,protrump
1510,2,protrump
1513,2,antitrump
1514,2,protrump
1516,2,protrump
1517,2,protrump
1521,2,protrump
1520,2,protrump
1522,2,protrump
1524,2,protrump
1525,2,protrump
1505,2,neutral
1529,2,antitrump
1530,2,antitrump
1531,2,protrump
1537,2,antitrump
1538,2,protrump
1540,2,antitrump
1382,2,neutral
1541,2,protrump
1542,2,protrump
1543,2,protrump
1544,2,protrump
1545,2,neutral
1546,2,protrump
1548,2,protrump
1553,2,neutral
1554,2,protrump
1555,2,protrump
1556,2,protrump
1557,2,protrump
1559,2,antitrump
1560,2,protrump
1563,2,protrump
1564,2,protrump
1565,2,protrump
1566,2,neutral
1567,2,protrump
1568,2,protrump
1358,2,protrump
1569,2,antitrump
1570,2,antitrump
1574,2,protrump
1283,2,protrump
1577,2,protrump
1579,2,protrump
1534,2,antitrump
1494,2,antitrump
1592,2,protrump
1593,2,neutral
1595,2,protrump
1599,2,antitrump
1600,2,protrump
1605,2,neutral
1611,2,protrump
1585,2,protrump
1612,2,protrump
1617,2,neutral
1622,2,protrump
1623,2,antitrump
1624,2,antitrump
1630,2,antitrump
1637,2,protrump
1638,2,protrump
1639,2,protrump
1647,2,antitrump
1258,2,neutral
1653,2,antitrump
1654,2,antitrump
1655,2,protrump
1658,2,protrump
1659,2,protrump
1374,2,protrump
1660,2,protrump
1661,2,protrump
1453,2,antitrump
1664,2,antitrump
1667,2,protrump
1668,2,antitrump
1670,2,antitrump
1671,2,neutral
1672,2,antitrump
1674,2,protrump
1675,2,neutral
1676,2,antitrump
1677,2,protrump
1678,2,protrump
1679,2,antitrump
1680,2,protrump
1682,2,protrump
1683,2,protrump
1684,2,antitrump
1689,2,protrump
1690,2,protrump
1691,2,protrump
1692,2,protrump
1695,2,protrump
1696,2,protrump
1697,2,antitrump
1699,2,protrump
1700,2,protrump
1018,2,protrump
1701,2,protrump
1632,2,protrump
1357,2,neutral
1704,2,antitrump
1392,2,protrump
1705,2,protrump
1706,2,antitrump
1707,2,antitrump
1708,2,antitrump
1712,2,protrump
1713,2,neutral
1714,2,protrump
1715,2,neutral
1716,2,protrump
1717,2,antitrump
1718,2,protrump
1719,2,protrump
1295,2,protrump
1723,2,protrump
1724,2,antitrump
1731,2,neutral
1732,2,protrump
1733,2,protrump
1734,2,protrump
1735,2,neutral
1736,2,protrump
1737,2,protrump
1740,2,neutral
1744,2,protrump
1746,2,protrump
1747,2,neutral
1307,2,neutral
1749,2,protrump
1750,2,protrump
1751,2,neutral
1754,2,protrump
1755,2,protrump
1757,2,antitrump
1207,2,protrump
1766,2,protrump
1062,2,protrump
1767,2,antitrump
1768,2,neutral
1321,2,protrump
1777,2,protrump
1778,2,antitrump
1337,2,antitrump
1645,2,protrump
1669,2,neutral
1782,2,protrump
1783,2,protrump
1784,2,protrump
1532,2,protrump
1787,2,neutral
1793,2,neutral
1794,2,antitrump
1799,2,protrump
1803,2,protrump
1807,2,neutral
1808,2,protrump
1809,2,protrump
1618,2,protrump
1810,2,protrump
1811,2,protrump
1815,2,protrump
1816,2,protrump
1819,2,neutral
1184,2,antitrump
1825,2,antitrump
1826,2,protrump
1828,2,protrump
1829,2,protrump
1397,2,protrump
1836,2,protrump
1838,2,protrump
1839,2,protrump
1840,2,protrump
1843,2,protrump
1634,2,protrump
1308,2,protrump
1844,2,protrump
1845,2,protrump
1327,2,antitrump
1847,2,protrump
1851,2,protrump
1852,2,antitrump
1853,2,protrump
1855,2,protrump
1857,2,protrump
1858,2,protrump
1868,2,neutral
1869,2,protrump
1870,2,antitrump
1242,2,protrump
1872,2,antitrump
1877,2,protrump
1878,2,antitrump
1879,2,protrump
1884,2,protrump
1885,2,antitrump
1886,2,protrump
1890,2,neutral
1891,2,protrump
1892,2,protrump
1893,2,protrump
1894,2,protrump
1895,2,protrump
1898,2,protrump
1902,2,antitrump
1904,2,protrump
1907,2,antitrump
1908,2,protrump
1910,2,protrump
1911,2,protrump
1912,2,protrump
1224,2,protrump
1915,2,protrump
1558,2,antitrump
1916,2,protrump
1917,2,antitrump
1918,2,antitrump
1919,2,protrump
1922,2,protrump
1923,2,protrump
1925,2,neutral
1927,2,antitrump
1931,2,protrump
1932,2,protrump
1372,2,protrump
1125,2,protrump
1938,2,protrump
1939,2,protrump
1942,2,antitrump
1943,2,protrump
1944,2,neutral
1945,2,protrump
1948,2,antitrump
1949,2,protrump
1953,2,antitrump
1954,2,protrump
1966,2,protrump
1112,2,protrump
1921,2,antitrump
1971,2,protrump
1602,2,antitrump
1662,2,protrump
1977,2,antitrump
1978,2,antitrump
1022,2,neutral
1984,2,antitrump
1992,2,neutral
1997,2,protrump
1998,2,protrump
1999,2,protrump
1610,2,protrump
2001,2,protrump
2002,2,protrump
2005,2,antitrump
1448,2,protrump
2006,2,neutral
2008,2,protrump
2009,2,protrump
2011,2,protrump
2012,2,protrump
2013,2,antitrump
2016,2,antitrump
2019,2,protrump
2022,2,protrump
1587,2,protrump
2023,2,protrump
2025,2,antitrump
2024,2,antitrump
2030,2,protrump
2043,2,neutral
2052,2,protrump
2053,2,protrump
2054,2,protrump
1887,2,antitrump
1202,2,protrump
2059,2,protrump
2064,2,antitrump
2065,2,protrump
2066,2,antitrump
2067,2,protrump
2071,2,antitrump
2072,2,protrump
1355,2,protrump
2074,2,protrump
1456,2,protrump
2077,2,protrump
2081,2,protrump
2082,2,neutral
2083,2,protrump
2085,2,protrump
2089,2,protrump
2090,2,protrump
2101,2,protrump
2106,2,protrump
2108,2,protrump
2111,2,protrump
2121,2,protrump
1414,2,protrump
2127,2,antitrump
1367,2,protrump
2129,2,antitrump
2130,2,protrump
2132,2,protrump
1591,2,protrump
1273,2,protrump
2133,2,antitrump
2135,2,neutral
2136,2,antitrump
1300,2,protrump
2137,2,protrump
2138,2,protrump
2139,2,protrump
2146,2,protrump
2147,2,neutral
1801,2,neutral
2148,2,protrump
1656,2,protrump
1797,2,antitrump
1859,2,neutral
2152,2,antitrump
2153,2,protrump
2154,2,antitrump
2156,2,antitrump
2157,2,antitrump
2162,2,protrump
2161,2,antitrump
2165,2,protrump
2177,2,antitrump
2178,2,protrump
2181,2,protrump
2182,2,protrump
2183,2,antitrump
2189,2,protrump
2190,2,protrump
2191,2,antitrump
2192,2,antitrump
2194,2,antitrump
1446,2,protrump
2195,2,protrump
1950,2,neutral
2196,2,protrump
2201,2,protrump
1124,2,protrump
2207,2,protrump
2208,2,protrump
2211,2,antitrump
1373,2,protrump
2080,2,protrump
2217,2,protrump
2218,2,antitrump
1547,2,neutral
2219,2,antitrump
1468,2,neutral
2223,2,antitrump
2225,2,protrump
2226,2,protrump
2239,2,protrump
2246,2,protrump
2247,2,protrump
2248,2,antitrump
1802,2,protrump
2253,2,protrump
2256,2,protrump
2257,2,protrump
2258,2,protrump
2259,2,protrump
2260,2,protrump
2263,2,protrump
2264,2,protrump
2270,2,protrump
2276,2,protrump
2277,2,protrump
2278,2,antitrump
2283,2,protrump
2287,2,protrump
2288,2,antitrump
2289,2,protrump
2293,2,protrump
2297,2,antitrump
2298,2,protrump
2300,2,antitrump
2306,2,antitrump
1471,2,protrump
1549,2,antitrump
2307,2,protrump
2310,2,protrump
2313,2,protrump
1951,2,protrump
2314,2,protrump
2315,2,protrump
2318,2,antitrump
2321,2,antitrump
2322,2,protrump
2323,2,protrump
2324,2,protrump
2332,2,antitrump
2344,2,neutral
1027,2,antitrump
1827,2,neutral
2347,2,protrump
2348,2,protrump
2353,2,protrump
2076,2,antitrump
2087,2,antitrump
2359,2,protrump
2360,2,protrump
2361,2,protrump
2362,2,protrump
2363,2,protrump
2365,2,neutral
2368,2,neutral
1769,2,antitrump
2372,2,protrump
2373,2,protrump
2370,2,protrump
2355,2,protrump
2377,2,antitrump
2378,2,protrump
2379,2,antitrump
2380,2,antitrump
2390,2,protrump
2391,2,antitrump
2392,2,protrump
2269,2,protrump
2394,2,protrump
2395,2,protrump
2397,2,protrump
2398,2,protrump
2399,2,protrump
2400,2,neutral
2401,2,protrump
2091,2,protrump
2408,2,antitrump
2409,2,protrump
2073,2,protrump
2420,2,protrump
2422,2,protrump
2423,2,protrump
2426,2,antitrump
2431,2,protrump
2437,2,protrump
2438,2,antitrump
2442,2,protrump
2444,2,protrump
2445,2,antitrump
2446,2,protrump
2447,2,protrump
1790,2,antitrump
1965,2,neutral
2450,2,protrump
2451,2,protrump
2456,2,neutral
1396,2,protrump
2459,2,neutral
2463,2,protrump
2465,2,protrump
2381,2,protrump
1222,2,neutral
1835,2,antitrump
2475,2,antitrump
2476,2,protrump
2477,2,protrump
2478,2,antitrump
2486,3,neutral
2487,3,protrump
2488,3,antitrump
2489,3,protrump
2490,3,protrump
2492,3,protrump
2493,3,antitrump
2494,3,protrump
2496,3,antitrump
2497,3,protrump
2505,3,protrump
2506,3,protrump
2507,3,antitrump
2508,3,antitrump
2509,3,antitrump
2510,3,protrump
2516,3,antitrump
2517,3,neutral
2522,3,protrump
2523,3,antitrump
2525,3,protrump
2526,3,neutral
2527,3,protrump
2528,3,protrump
2533,3,antitrump
2534,3,protrump
2539,3,protrump
2540,3,protrump
2546,3,antitrump
2547,3,antitrump
2548,3,protrump
2549,3,antitrump
2550,3,protrump
2562,3,protrump
2563,3,neutral
2569,3,protrump
2570,3,protrump
2571,3,antitrump
2577,3,protrump
2578,3,antitrump
2579,3,protrump
2580,3,protrump
2585,3,protrump
2586,3,protrump
2588,3,protrump
2589,3,antitrump
2590,3,antitrump
2591,3,antitrump
2592,3,neutral
2593,3,protrump
2594,3,protrump
2595,3,neutral
2597,3,neutral
2598,3,protrump
2599,3,neutral
2600,3,antitrump
2601,3,neutral
2602,3,protrump
2609,3,antitrump
2610,3,protrump
2615,3,protrump
2616,3,antitrump
2622,3,antitrump
2623,3,protrump
2624,3,neutral
2625,3,protrump
2626,3,protrump
2627,3,protrump
2628,3,protrump
2629,3,neutral
2634,3,antitrump
2635,3,protrump
2636,3,protrump
2552,3,protrump
2543,3,protrump
2644,3,protrump
2645,3,protrump
2646,3,protrump
2647,3,antitrump
2655,3,protrump
2656,3,antitrump
2657,3,protrump
2658,3,neutral
2659,3,protrump
2660,3,protrump
2661,3,protrump
2668,3,protrump
2669,3,antitrump
2670,3,neutral
2674,3,protrump
2675,3,protrump
2678,3,protrump
2679,3,antitrump
2680,3,protrump
2681,3,protrump
2682,3,neutral
2684,3,protrump
2685,3,antitrump
2686,3,protrump
2693,3,protrump
2694,3,protrump
2696,3,protrump
2697,3,protrump
2699,3,protrump
2700,3,protrump
2706,3,protrump
2707,3,antitrump
2709,3,protrump
2710,3,protrump
2713,3,protrump
2714,3,neutral
2545,3,antitrump
2715,3,protrump
2717,3,protrump
2698,3,protrump
2718,3,protrump
2583,3,protrump
2721,3,protrump
2722,3,protrump
2723,3,protrump
2724,3,protrump
2727,3,neutral
2728,3,antitrump
2605,3,protrump
2729,3,neutral
2730,3,protrump
2731,3,protrump
2738,3,antitrump
2739,3,antitrump
2744,3,protrump
2745,3,protrump
2531,3,protrump
2747,3,antitrump
2748,3,protrump
2749,3,protrump
2752,3,protrump
2753,3,antitrump
2485,3,neutral
2754,3,protrump
2756,3,protrump
2757,3,protrump
2758,3,neutral
2759,3,antitrump
2712,3,neutral
2767,3,protrump
2768,3,protrump
2769,3,protrump
2770,3,protrump
2771,3,protrump
2772,3,protrump
2778,3,neutral
2789,3,protrump
2788,3,protrump
2794,3,protrump
2793,3,protrump
2775,3,antitrump
2799,3,antitrump
2800,3,protrump
2801,3,neutral
2805,3,protrump
2806,3,protrump
2807,3,neutral
2809,3,protrump
2810,3,protrump
2811,3,antitrump
2812,3,protrump
2813,3,antitrump
2814,3,protrump
2815,3,protrump
2816,3,antitrump
2818,3,neutral
2654,3,protrump
2819,3,protrump
2823,3,neutral
2824,3,antitrump
2825,3,protrump
2827,3,protrump
2828,3,antitrump
2832,3,neutral
2833,3,neutral
2834,3,antitrump
2835,3,antitrump
2836,3,protrump
2837,3,protrump
2839,3,neutral
2840,3,protrump
2704,3,protrump
2858,3,protrump
2859,3,antitrump
2860,3,neutral
2633,3,neutral
2861,3,protrump
2751,3,protrump
2866,3,antitrump
2867,3,protrump
2868,3,protrump
2870,3,protrump
2871,3,protrump
2877,3,protrump
2878,3,protrump
2885,3,antitrump
2886,3,protrump
2889,3,protrump
2890,3,protrump
2891,3,protrump
2892,3,protrump
2893,3,antitrump
2897,3,protrump
2898,3,antitrump
2900,3,protrump
2901,3,protrump
2906,3,protrump
2907,3,protrump
2909,3,protrump
2538,3,antitrump
2915,3,antitrump
2916,3,neutral
2917,3,protrump
2918,3,protrump
2921,3,protrump
2922,3,protrump
2923,3,protrump
2924,3,neutral
2925,3,protrump
2926,3,neutral
2927,3,antitrump
2928,3,antitrump
2929,3,protrump
2639,3,protrump
2930,3,neutral
2932,3,protrump
2933,3,neutral
2934,3,antitrump
2567,3,protrump
2935,3,neutral
2943,3,protrump
2944,3,antitrump
2949,3,antitrump
2950,3,protrump
2952,3,protrump
2896,3,protrump
2954,3,protrump
2956,3,protrump
2957,3,protrump
2958,3,protrump
2959,3,antitrump
2962,3,protrump
2963,3,protrump
2965,3,antitrump
2966,3,protrump
2967,3,protrump
2968,3,antitrump
2969,3,protrump
2912,3,protrump
2971,3,protrump
2972,3,protrump
2976,3,antitrump
2977,3,protrump
2978,3,protrump
2979,3,protrump
2785,3,neutral
2982,3,protrump
2983,3,antitrump
2986,3,protrump
2987,3,protrump
2988,3,protrump
2989,3,neutral
2990,3,protrump
2991,3,protrump
2649,3,neutral
2784,3,protrump
2993,3,antitrump
2557,3,protrump
2994,3,antitrump
2695,3,protrump
2995,3,neutral
2996,3,antitrump
2997,3,protrump
2998,3,antitrump
3003,3,protrump
2981,3,neutral
3006,3,protrump
3009,3,protrump
3010,3,protrump
3013,3,protrump
3014,3,antitrump
3018,3,protrump
3019,3,protrump
3020,3,protrump
3024,3,protrump
3026,3,antitrump
3027,3,antitrump
3029,3,neutral
3031,3,neutral
3034,3,antitrump
3035,3,protrump
3037,3,antitrump
3038,3,antitrump
3039,3,antitrump
3046,3,neutral
3047,3,antitrump
3051,3,protrump
3057,3,protrump
3058,3,antitrump
3059,3,neutral
3060,3,protrump
3062,3,neutral
3063,3,protrump
3070,3,protrump
3071,3,antitrump
3076,3,neutral
2741,3,protrump
3078,3,neutral
3079,3,protrump
3043,3,neutral
3080,3,protrump
3081,3,protrump
3085,3,protrump
3086,3,protrump
3087,3,protrump
3088,3,antitrump
3090,3,protrump
3091,3,protrump
2782,3,antitrump
3095,3,protrump
2762,3,protrump
3097,3,protrump
3098,3,protrump
2905,3,protrump
3040,3,protrump
3100,3,protrump
3101,3,protrump
3102,3,antitrump
3103,3,protrump
2642,3,protrump
3105,3,protrump
3108,3,protrump
3109,3,protrump
3112,3,protrump
3113,3,protrump
3116,3,antitrump
3117,3,protrump
3118,3,protrump
3119,3,protrump
3120,3,protrump
3130,3,protrump
3131,3,antitrump
3132,3,protrump
3135,3,protrump
3136,3,protrump
3138,3,neutral
3143,3,protrump
3145,3,protrump
3149,3,protrump
3150,3,antitrump
2603,3,protrump
3153,3,protrump
3156,3,protrump
2559,3,protrump
3159,3,protrump
3160,3,protrump
2774,3,neutral
3164,3,protrump
3166,3,protrump
3167,3,antitrump
3168,3,protrump
3171,3,protrump
3172,3,protrump
3173,3,protrump
3174,3,antitrump
3175,3,antitrump
3176,3,antitrump
3178,3,protrump
3180,3,protrump
3181,3,protrump
3182,3,protrump
3183,3,protrump
3184,3,protrump
3187,3,protrump
3188,3,neutral
2637,3,antitrump
3191,3,antitrump
3192,3,protrump
2558,3,antitrump
2604,3,protrump
3193,3,protrump
3196,3,protrump
3197,3,protrump
3201,3,protrump
3203,3,protrump
3207,3,protrump
3208,3,protrump
3209,3,neutral
3210,3,protrump
3211,3,protrump
3212,3,neutral
3217,3,antitrump
3218,3,protrump
3221,3,antitrump
3225,3,antitrump
3226,3,antitrump
2564,3,neutral
3230,3,protrump
3231,3,protrump
3232,3,protrump
3239,3,protrump
2672,3,protrump
3243,3,protrump
3248,3,antitrump
3249,3,protrump
3252,3,protrump
3255,3,protrump
3256,3,protrump
3258,3,antitrump
3259,3,protrump
3260,3,protrump
3261,3,protrump
3262,3,protrump
3264,3,protrump
3265,3,neutral
3269,3,protrump
3270,3,protrump
3272,3,protrump
2903,3,protrump
3273,3,antitrump
3274,3,antitrump
3275,3,antitrump
3276,3,protrump
3279,3,protrump
2664,3,protrump
3285,3,protrump
3288,3,neutral
3289,3,protrump
3293,3,protrump
2671,3,protrump
3295,3,antitrump
3296,3,protrump
3299,3,protrump
3304,3,protrump
3303,3,protrump
3301,3,protrump
3316,3,neutral
3317,3,protrump
3319,3,protrump
3320,3,protrump
3323,3,protrump
2688,3,neutral
3331,3,protrump
2919,3,protrump
2851,3,antitrump
3340,3,protrump
3341,3,antitrump
3344,3,protrump
3345,3,protrump
3351,3,antitrump
3352,3,antitrump
2948,3,antitrump
3355,3,protrump
3358,3,protrump
3359,3,protrump
3360,3,protrump
3361,3,protrump
3362,3,antitrump
3363,3,protrump
3110,3,protrump
3366,3,protrump
3005,3,protrump
3368,3,neutral
3370,3,protrump
3372,3,protrump
3375,3,neutral
3376,3,protrump
3379,3,neutral
2894,3,antitrump
3381,3,protrump
3387,3,protrump
2608,3,antitrump
3388,3,neutral
3389,3,protrump
3390,3,protrump
3391,3,protrump
3393,3,protrump
3016,3,neutral
3394,3,protrump
3395,3,neutral
3396,3,protrump
3397,3,protrump
3402,3,protrump
2667,3,neutral
3404,3,protrump
3405,3,antitrump
3406,3,protrump
3408,3,protrump
2863,3,protrump
3411,3,protrump
3419,3,antitrump
3420,3,neutral
3424,3,protrump
3425,3,antitrump
3428,3,antitrump
2862,3,antitrump
3429,3,antitrump
3430,3,protrump
3431,3,protrump
3432,3,protrump
3433,3,neutral
3437,3,protrump
3438,3,antitrump
3439,3,protrump
3445,3,protrump
3447,3,protrump
3448,3,protrump
3426,3,neutral
3456,3,protrump
3466,3,protrump
3468,3,neutral
3241,3,protrump
3472,3,protrump
3224,3,neutral
3476,3,protrump
3486,3,protrump
3487,3,antitrump
3488,3,protrump
3493,3,protrump
3451,3,protrump
3494,3,protrump
3497,3,protrump
3507,3,protrump
2491,3,protrump
3516,3,protrump
3517,3,protrump
3519,3,protrump
3520,3,neutral
3521,3,protrump
3526,3,neutral
3527,3,neutral
3539,3,protrump
3541,3,protrump
3542,3,protrump
3548,3,protrump
3549,3,protrump
3556,3,protrump
2513,3,protrump
3557,3,protrump
3558,3,antitrump
3564,3,antitrump
3565,3,neutral
2902,3,protrump
3566,3,protrump
3572,3,protrump
3573,3,antitrump
3271,3,antitrump
2845,3,antitrump
3578,3,protrump
3580,3,antitrump
2733,3,protrump
3593,3,neutral
3594,3,antitrump
3602,3,antitrump
3603,3,antitrump
3610,3,protrump
2572,3,protrump
2555,3,antitrump
3621,3,protrump
3623,3,protrump
3640,3,protrump
3643,3,neutral
3646,3,protrump
3647,3,neutral
3356,3,antitrump
3657,3,protrump
3658,3,protrump
3660,3,protrump
3664,3,neutral
3322,3,protrump
3672,3,protrump
3673,3,protrump
3677,3,protrump
3685,3,protrump
3687,3,protrump
3689,3,protrump
3690,3,antitrump
2964,3,protrump
3693,3,protrump
3694,3,protrump
3696,3,protrump
3697,3,protrump
3698,3,neutral
3700,3,antitrump
3702,3,protrump
3703,3,protrump
2511,3,protrump
3704,3,protrump
3705,3,protrump
3707,3,neutral
3708,3,protrump
2606,3,protrump
3343,3,protrump
3114,3,protrump
3713,3,protrump
3714,3,protrump
3716,3,protrump
3717,3,protrump
3721,3,protrump
2553,3,protrump
3722,3,protrump
3723,3,protrump
3725,3,protrump
3726,3,protrump
3727,3,neutral
3728,3,protrump
3278,3,protrump
3731,3,protrump
3732,3,antitrump
3733,3,protrump
3739,3,protrump
3436,3,protrump
3746,3,protrump
3284,3,protrump
3747,3,protrump
3751,3,antitrump
3753,3,antitrump
3758,3,protrump
3759,3,protrump
3763,3,protrump
3764,3,protrump
3094,3,antitrump
3769,3,protrump
3772,3,protrump
3773,3,antitrump
3495,3,protrump
3774,3,protrump
3775,3,protrump
3777,3,neutral
3778,3,protrump
3781,3,protrump
3782,3,antitrump
3783,3,antitrump
3784,3,protrump
2829,3,protrump
3787,3,protrump
3789,3,protrump
3790,3,protrump
3793,3,protrump
3767,3,protrump
3795,3,protrump
3342,3,antitrump
3796,3,protrump
3800,3,antitrump
3805,3,protrump
3806,3,protrump
3810,3,antitrump
3811,3,antitrump
3816,4,protrump
3817,4,antitrump
3820,4,protrump
3821,4,protrump
3825,4,protrump
3826,4,protrump
3827,4,antitrump
3828,4,neutral
3829,4,protrump
3831,4,antitrump
3832,4,antitrump
3833,4,protrump
3834,4,antitrump
3835,4,protrump
3839,4,protrump
3840,4,protrump
3841,4,protrump
3842,4,protrump
3843,4,protrump
3844,4,neutral
3845,4,protrump
3846,4,neutral
3847,4,neutral
3850,4,antitrump
3851,4,antitrump
3855,4,protrump
3856,4,neutral
3857,4,protrump
3861,4,protrump
3862,4,antitrump
3863,4,protrump
3864,4,protrump
3865,4,protrump
3866,4,antitrump
3868,4,protrump
3869,4,protrump
3873,4,protrump
3874,4,protrump
3875,4,protrump
3877,4,protrump
3878,4,protrump
3879,4,antitrump
3880,4,antitrump
3883,4,protrump
3884,4,protrump
3888,4,protrump
3889,4,protrump
3890,4,protrump
3891,4,antitrump
3892,4,protrump
3893,4,antitrump
3899,4,protrump
3900,4,protrump
3901,4,protrump
3903,4,protrump
3904,4,antitrump
3906,4,antitrump
3907,4,antitrump
3908,4,antitrump
3909,4,antitrump
3910,4,protrump
3917,4,antitrump
3918,4,antitrump
3919,4,protrump
3920,4,neutral
3924,4,protrump
3925,4,antitrump
3928,4,protrump
3929,4,protrump
3930,4,neutral
3939,4,protrump
3940,4,protrump
3941,4,antitrump
3945,4,protrump
3946,4,neutral
3950,4,protrump
3951,4,protrump
3954,4,protrump
3955,4,protrump
3956,4,protrump
3957,4,protrump
3958,4,antitrump
3961,4,neutral
3962,4,protrump
3963,4,protrump
3968,4,antitrump
3969,4,antitrump
3970,4,protrump
3973,4,antitrump
3974,4,protrump
3975,4,protrump
3976,4,antitrump
3979,4,protrump
3980,4,antitrump
3981,4,protrump
3984,4,protrump
3985,4,antitrump
3986,4,protrump
3987,4,antitrump
3988,4,protrump
3990,4,protrump
3991,4,protrump
3992,4,antitrump
3993,4,protrump
3994,4,protrump
3995,4,protrump
3996,4,protrump
3997,4,protrump
3999,4,antitrump
4000,4,protrump
4002,4,antitrump
4003,4,protrump
4004,4,protrump
4015,4,protrump
4016,4,antitrump
4024,4,neutral
4025,4,neutral
4026,4,protrump
4027,4,antitrump
4029,4,protrump
4030,4,protrump
4031,4,protrump
4032,4,protrump
4033,4,antitrump
4034,4,protrump
4035,4,protrump
4044,4,antitrump
4045,4,protrump
4046,4,neutral
4047,4,protrump
4049,4,protrump
4050,4,protrump
4055,4,protrump
4056,4,antitrump
4057,4,protrump
4058,4,antitrump
4065,4,neutral
4066,4,antitrump
4068,4,protrump
4069,4,antitrump
4070,4,protrump
4071,4,protrump
4072,4,neutral
3886,4,protrump
4075,4,protrump
4076,4,protrump
4077,4,protrump
4081,4,protrump
4082,4,protrump
4083,4,protrump
4084,4,antitrump
4085,4,protrump
4087,4,protrump
4088,4,antitrump
4090,4,protrump
4091,4,antitrump
4092,4,protrump
3915,4,protrump
4098,4,protrump
4099,4,protrump
4103,4,antitrump
4104,4,antitrump
4108,4,antitrump
4109,4,antitrump
4110,4,antitrump
4111,4,protrump
4112,4,antitrump
4114,4,antitrump
4115,4,protrump
4052,4,antitrump
4116,4,protrump
4118,4,protrump
4119,4,protrump
4121,4,protrump
4094,4,protrump
4132,4,neutral
3921,4,protrump
4134,4,protrump
4138,4,antitrump
4139,4,protrump
4140,4,antitrump
4141,4,protrump
4142,4,protrump
4143,4,antitrump
4144,4,protrump
4147,4,protrump
4148,4,protrump
4149,4,protrump
4150,4,protrump
4151,4,protrump
4152,4,neutral
4155,4,protrump
4156,4,protrump
4157,4,antitrump
4040,4,protrump
4165,4,antitrump
4166,4,protrump
4167,4,antitrump
4168,4,protrump
4173,4,protrump
4174,4,protrump
4175,4,antitrump
4178,4,protrump
4179,4,protrump
4180,4,antitrump
4183,4,antitrump
4184,4,neutral
4185,4,protrump
4107,4,neutral
4187,4,antitrump
4188,4,protrump
4189,4,protrump
4191,4,protrump
3912,4,neutral
4192,4,protrump
4193,4,protrump
4194,4,neutral
4195,4,protrump
4197,4,protrump
4198,4,protrump
4204,4,protrump
4205,4,protrump
4206,4,neutral
4207,4,protrump
4210,4,antitrump
4211,4,antitrump
4213,4,protrump
4214,4,neutral
4219,4,antitrump
4220,4,protrump
4221,4,protrump
4222,4,antitrump
4228,4,protrump
4229,4,protrump
4230,4,antitrump
4231,4,protrump
4232,4,protrump
4233,4,neutral
4236,4,protrump
4237,4,neutral
4238,4,antitrump
4239,4,protrump
4240,4,protrump
4241,4,protrump
4242,4,protrump
4243,4,protrump
4245,4,protrump
4251,4,protrump
4252,4,protrump
4253,4,antitrump
4256,4,protrump
4257,4,protrump
4258,4,neutral
4259,4,protrump
4260,4,neutral
4261,4,protrump
4262,4,antitrump
4265,4,protrump
4266,4,neutral
4267,4,protrump
4268,4,antitrump
4269,4,protrump
4271,4,protrump
4272,4,neutral
4275,4,neutral
4276,4,protrump
3922,4,protrump
4278,4,protrump
4279,4,protrump
4280,4,antitrump
4281,4,protrump
4282,4,protrump
4285,4,protrump
4286,4,protrump
4287,4,neutral
4288,4,protrump
4289,4,protrump
4290,4,antitrump
4227,4,antitrump
4291,4,protrump
4292,4,protrump
4294,4,protrump
4298,4,protrump
3913,4,antitrump
4301,4,protrump
4302,4,protrump
4303,4,protrump
4304,4,protrump
4308,4,protrump
4309,4,protrump
4311,4,protrump
4312,4,protrump
4316,4,protrump
4320,4,protrump
4321,4,protrump
4324,4,protrump
4325,4,protrump
4326,4,protrump
4327,4,protrump
4328,4,protrump
4329,4,protrump
4330,4,protrump
4331,4,protrump
4332,4,protrump
4333,4,antitrump
4334,4,protrump
4335,4,protrump
4336,4,neutral
4337,4,protrump
4338,4,protrump
4345,4,antitrump
4346,4,antitrump
4349,4,protrump
4350,4,protrump
4351,4,protrump
4352,4,protrump
4353,4,antitrump
4355,4,protrump
4356,4,protrump
4362,4,protrump
4367,4,protrump
4368,4,antitrump
4372,4,protrump
4373,4,protrump
3849,4,antitrump
4380,4,protrump
4381,4,protrump
4382,4,protrump
4383,4,antitrump
4386,4,protrump
4389,4,neutral
4390,4,protrump
4392,4,protrump
4393,4,protrump
4394,4,protrump
4397,4,protrump
4398,4,protrump
4399,4,antitrump
4400,4,protrump
4401,4,protrump
4402,4,neutral
4404,4,protrump
4405,4,protrump
4406,4,protrump
4407,4,antitrump
4413,4,protrump
4414,4,protrump
4417,4,protrump
4418,4,protrump
4419,4,protrump
4420,4,neutral
4423,4,neutral
4422,4,protrump
4424,4,protrump
3942,4,protrump
4426,4,protrump
4095,4,neutral
4432,4,protrump
4078,4,neutral
4199,4,antitrump
4435,4,protrump
4436,4,protrump
4437,4,antitrump
4438,4,antitrump
4441,4,protrump
4060,4,antitrump
4443,4,protrump
4444,4,protrump
4447,4,protrump
4448,4,protrump
4451,4,protrump
4452,4,protrump
4453,4,protrump
4454,4,protrump
4456,4,neutral
4457,4,protrump
4458,4,antitrump
4074,4,neutral
4459,4,antitrump
4460,4,protrump
4461,4,protrump
4463,4,protrump
3932,4,protrump
4465,4,neutral
4466,4,antitrump
4467,4,antitrump
4470,4,protrump
4471,4,antitrump
4472,4,protrump
4473,4,protrump
4478,4,antitrump
4479,4,protrump
4483,4,neutral
4485,4,protrump
4270,4,antitrump
4486,4,neutral
4490,4,protrump
4491,4,protrump
4492,4,protrump
4493,4,antitrump
4494,4,protrump
4495,4,protrump
4496,4,protrump
4497,4,antitrump
4499,4,protrump
4500,4,protrump
4505,4,protrump
4506,4,protrump
4234,4,protrump
4136,4,neutral
4507,4,protrump
4510,4,antitrump
4511,4,protrump
4512,4,protrump
4513,4,protrump
4515,4,antitrump
4516,4,antitrump
4517,4,protrump
4518,4,protrump
4523,4,antitrump
4524,4,protrump
4528,4,protrump
4529,4,protrump
4531,4,antitrump
4532,4,protrump
4534,4,protrump
4535,4,protrump
4536,4,antitrump
4296,4,protrump
4540,4,antitrump
4541,4,protrump
4542,4,protrump
4543,4,protrump
4544,4,antitrump
4553,4,protrump
4554,4,protrump
3911,4,protrump
3818,4,neutral
4555,4,protrump
4559,4,neutral
4100,4,protrump
4562,4,protrump
4563,4,protrump
4567,4,protrump
4568,4,neutral
4571,4,antitrump
4572,4,protrump
4573,4,protrump
4574,4,antitrump
4581,4,antitrump
4585,4,protrump
4586,4,antitrump
3848,4,protrump
4587,4,protrump
4588,4,protrump
4589,4,antitrump
4043,4,antitrump
4591,4,protrump
4595,4,protrump
4597,4,protrump
4598,4,protrump
4601,4,protrump
4602,4,protrump
4603,4,protrump
4604,4,protrump
4606,4,protrump
4608,4,protrump
4612,4,protrump
4086,4,protrump
4614,4,antitrump
4617,4,protrump
4618,4,protrump
4619,4,protrump
3964,4,protrump
4620,4,protrump
4621,4,protrump
4623,4,protrump
4624,4,protrump
4631,4,protrump
4632,4,protrump
4633,4,protrump
4634,4,protrump
4639,4,antitrump
4640,4,protrump
4641,4,protrump
4648,4,protrump
4649,4,protrump
4650,4,neutral
4651,4,antitrump
4652,4,protrump
4196,4,protrump
4656,4,protrump
4657,4,antitrump
4658,4,neutral
4659,4,protrump
4666,4,neutral
4667,4,protrump
4668,4,protrump
4669,4,protrump
4670,4,antitrump
3959,4,protrump
4672,4,neutral
4674,4,protrump
4675,4,antitrump
4678,4,antitrump
4691,4,protrump
4680,4,protrump
3815,4,protrump
4693,4,protrump
4692,4,protrump
4694,4,protrump
4695,4,protrump
4696,4,protrump
4697,4,protrump
4698,4,antitrump
4699,4,neutral
4700,4,protrump
4701,4,protrump
4702,4,antitrump
4705,4,protrump
4706,4,protrump
4707,4,protrump
4708,4,protrump
4709,4,protrump
4711,4,protrump
4712,4,protrump
4713,4,protrump
4714,4,protrump
4723,4,antitrump
4724,4,protrump
4728,4,antitrump
4729,4,protrump
4733,4,protrump
4734,4,antitrump
4736,4,protrump
4737,4,antitrump
4739,4,antitrump
4740,4,protrump
4743,4,antitrump
4744,4,protrump
4053,4,protrump
4745,4,neutral
4746,4,protrump
4748,4,protrump
4749,4,protrump
4753,4,protrump
3965,4,protrump
4664,4,neutral
4756,4,antitrump
4757,4,protrump
4159,4,antitrump
4773,4,antitrump
4774,4,protrump
4777,4,protrump
4784,4,antitrump
4783,4,protrump
4785,4,protrump
4786,4,protrump
4787,4,protrump
4789,4,protrump
4790,4,protrump
4791,4,protrump
4795,4,protrump
4796,4,antitrump
4797,4,protrump
4798,4,protrump
4037,4,protrump
4801,4,antitrump
4809,4,protrump
4814,4,antitrump
4815,4,protrump
4816,4,neutral
4014,4,protrump
4819,4,neutral
4820,4,protrump
4821,4,protrump
4822,4,neutral
4824,4,protrump
4825,4,antitrump
4244,4,antitrump
4826,4,protrump
4827,4,protrump
4829,4,protrump
4830,4,antitrump
4833,4,protrump
4235,4,protrump
4834,4,neutral
4835,4,antitrump
4838,4,neutral
4839,4,antitrump
4840,4,protrump
4841,4,antitrump
4842,4,neutral
4844,4,neutral
4845,4,antitrump
4846,4,protrump
4847,4,antitrump
4850,4,protrump
4854,4,protrump
4855,4,protrump
4862,4,protrump
4863,4,protrump
4864,4,antitrump
4866,4,antitrump
4867,4,protrump
4868,4,protrump
4869,4,protrump
4870,4,protrump
4662,4,protrump
4873,4,neutral
4874,4,protrump
4583,4,protrump
4882,4,protrump
4883,4,protrump
4887,4,antitrump
4888,4,protrump
4889,4,protrump
4890,4,protrump
4893,4,protrump
4894,4,protrump
4897,4,protrump
4898,4,antitrump
4900,4,protrump
4434,4,protrump
4902,4,neutral
4903,4,antitrump
4907,4,protrump
4911,4,protrump
4912,4,protrump
4916,4,protrump
4917,4,protrump
4918,4,protrump
4920,4,antitrump
4921,4,neutral
4922,4,neutral
4923,4,antitrump
4925,4,neutral
4926,4,antitrump
4927,4,antitrump
4928,4,protrump
4929,4,antitrump
4933,4,protrump
4934,4,neutral
4939,4,antitrump
4940,4,protrump
4941,4,protrump
4942,4,protrump
4943,4,antitrump
4944,4,antitrump
4884,4,antitrump
4947,4,protrump
4953,4,antitrump
4954,4,protrump
4955,4,protrump
4957,4,protrump
4958,4,protrump
4960,4,protrump
4968,4,antitrump
4446,4,protrump
4969,4,protrump
4970,4,protrump
4979,4,protrump
4984,4,protrump
4985,4,protrump
4986,4,neutral
4987,4,antitrump
4988,4,protrump
4992,4,protrump
4690,4,protrump
4994,4,protrump
4580,4,antitrump
4997,4,protrump
4998,4,antitrump
5001,4,protrump
5008,4,protrump
4793,4,protrump
5012,4,antitrump
4440,4,protrump
4410,4,antitrump
5013,4,antitrump
4117,4,neutral
5016,4,protrump
5021,4,protrump
3858,4,antitrump
5022,4,antitrump
5025,4,neutral
5026,4,protrump
4263,4,antitrump
5029,4,antitrump
5030,4,neutral
3837,4,protrump
5031,4,protrump
5034,4,protrump
5035,4,protrump
5039,4,protrump
5040,4,protrump
5047,4,protrump
5048,4,antitrump
5049,4,protrump
5050,4,protrump
4322,4,antitrump
5052,4,protrump
5053,4,protrump
4896,4,protrump
5059,4,protrump
5060,4,protrump
5064,4,protrump
5065,4,protrump
5074,4,protrump
5076,4,protrump
5077,4,neutral
5078,4,protrump
5084,4,protrump
5085,4,protrump
5087,4,antitrump
5088,4,protrump
5089,4,antitrump
5090,4,neutral
5092,4,antitrump
5093,4,protrump
5096,4,protrump
5097,4,protrump
5098,4,protrump
4823,4,protrump
5057,4,protrump
5099,4,protrump
5100,4,antitrump
4344,4,protrump
4171,4,neutral
5107,4,antitrump
5110,4,protrump
5111,4,protrump
5112,4,protrump
4627,4,protrump
5116,4,protrump
5117,4,antitrump
5118,4,protrump
5082,4,antitrump
5122,4,protrump
5024,4,protrump
5126,4,protrump
4638,4,protrump
5128,4,protrump
5129,4,protrump
5132,4,protrump
5140,4,protrump
4504,4,neutral
5145,4,antitrump
5146,4,antitrump
5147,4,neutral
5148,4,protrump
5149,4,protrump
5155,4,antitrump
5157,4,protrump
5158,4,protrump
5159,4,antitrump
5160,4,protrump
4976,4,protrump
5164,4,protrump
5165,4,neutral
5167,4,antitrump
5168,4,protrump
5169,4,protrump
5170,4,protrump
5172,4,protrump
5178,4,protrump
5179,4,protrump
5181,4,antitrump
5182,4,antitrump
3870,4,antitrump
5190,4,protrump
5191,4,antitrump
4643,4,protrump
5195,4,neutral
5198,4,neutral
5201,4,protrump
5202,4,protrump
5204,4,protrump
4770,4,neutral
5206,4,protrump
5207,4,antitrump
5212,4,protrump
5213,4,protrump
5222,4,protrump
5224,4,protrump
5226,4,protrump
4341,4,protrump
5227,4,protrump
5228,4,protrump
5229,4,protrump
5230,4,protrump
5231,4,protrump
5232,4,protrump
5234,4,protrump
5235,4,neutral
5243,4,antitrump
4160,4,protrump
5244,4,antitrump
5245,4,antitrump
4899,4,protrump
5254,4,protrump
5255,4,neutral
5256,4,antitrump
5257,4,antitrump
5258,4,protrump
5267,4,protrump
5268,4,antitrump
4832,4,protrump
5270,4,protrump
5271,4,antitrump
4605,4,protrump
5279,4,protrump
5280,4,protrump
5285,4,neutral
5086,4,antitrump
5293,4,antitrump
5300,4,protrump
4762,4,antitrump
5305,4,antitrump
5307,4,protrump
5308,4,protrump
5311,4,protrump
5315,4,protrump
5316,4,protrump
5317,4,protrump
5318,4,antitrump
5320,4,protrump
5322,4,protrump
5326,4,protrump
5327,4,protrump
5328,4,protrump
5344,4,protrump
5346,4,antitrump
5347,4,protrump
5348,4,neutral
5350,4,protrump
5353,4,protrump
5355,4,protrump
5359,4,protrump
5360,4,protrump
5361,4,protrump
4565,4,neutral
5364,4,antitrump
5366,4,protrump
5368,4,protrump
5369,4,protrump
5370,4,protrump
5382,4,protrump
5383,4,protrump
5385,4,protrump
4720,4,antitrump
4852,4,neutral
5389,4,neutral
4673,4,protrump
5391,4,protrump
5393,4,protrump
5247,4,antitrump
4683,4,neutral
5394,4,antitrump
4375,4,neutral
5395,4,antitrump
5396,4,neutral
5397,4,protrump
5398,4,protrump
4412,4,antitrump
5405,4,protrump
5410,4,antitrump
5411,4,protrump
4001,4,protrump
5414,4,antitrump
5415,4,protrump
5417,4,protrump
4952,4,protrump
5425,4,protrump
5429,4,antitrump
5430,4,protrump
5434,4,protrump
5435,4,protrump
5027,4,protrump
5445,4,protrump
5446,4,protrump
5448,4,protrump
5449,4,protrump
5462,4,protrump
5463,4,protrump
5465,4,antitrump
5466,4,protrump
5467,4,antitrump
5470,4,protrump
5471,4,antitrump
5474,4,antitrump
5475,4,protrump
4771,4,protrump
5477,4,antitrump
5478,4,protrump
5480,4,protrump
5488,4,protrump
5493,4,antitrump
4703,4,neutral
5494,4,antitrump
4892,4,antitrump
5498,4,protrump
5499,4,antitrump
5503,4,antitrump
5505,4,protrump
5506,4,protrump
5507,4,protrump
5508,4,neutral
5513,4,neutral
5515,4,protrump
5522,4,protrump
5525,4,antitrump
5526,4,neutral
5357,4,protrump
5536,4,neutral
5540,4,protrump
5542,4,antitrump
5546,4,neutral
5547,4,protrump
5548,4,protrump
5549,4,protrump
5551,4,protrump
5553,4,protrump
5125,4,protrump
5558,4,antitrump
5561,4,antitrump
5565,4,protrump
5556,4,protrump
5566,4,protrump
5567,4,neutral
5568,4,protrump
5572,4,protrump
5575,4,protrump
4557,4,protrump
5576,4,protrump
5577,4,antitrump
5580,4,antitrump
5581,4,protrump
5584,4,antitrump
5390,4,protrump
5194,4,protrump
5589,4,protrump
5590,4,protrump
5598,4,protrump
5599,4,protrump
5600,4,antitrump
5603,4,neutral
5605,4,protrump
5607,4,antitrump
4727,4,protrump
5608,4,protrump
5041,4,protrump
5609,4,protrump
5621,4,protrump
5622,4,antitrump
5623,4,protrump
5624,4,protrump
5631,4,antitrump
5632,4,protrump
4538,4,antitrump
5637,4,protrump
5638,4,protrump
5640,4,protrump
5615,4,protrump
5641,4,neutral
5006,4,antitrump
5642,4,antitrump
5644,4,protrump
5647,4,protrump
5648,4,protrump
5649,4,protrump
5651,4,antitrump
5652,4,antitrump
5653,4,protrump
5655,4,protrump
5656,4,protrump
5658,4,protrump
5659,4,protrump
5663,4,protrump
5670,4,protrump
5679,4,neutral
5680,4,protrump
5681,4,neutral
5682,4,antitrump
5684,4,protrump
5687,4,protrump
5686,4,protrump
5690,4,protrump
5692,4,protrump
5695,4,neutral
5574,4,protrump
5697,4,antitrump
5701,4,protrump
5660,4,protrump
5703,4,antitrump
3871,4,protrump
5704,4,antitrump
4010,4,antitrump
5706,4,protrump
5707,4,antitrump
5710,4,protrump
3938,4,neutral
5714,4,protrump
5720,4,antitrump
5722,4,protrump
5730,4,protrump
5732,4,protrump
5693,4,antitrump
5734,4,protrump
3894,4,antitrump
5739,4,protrump
