4,0,protrump
5,0,protrump
9,0,protrump
10,0,antitrump
11,0,protrump
12,0,protrump
13,0,antitrump
14,0,antitrump
15,0,antitrump
16,0,antitrump
19,0,antitrump
20,0,protrump
21,0,protrump
22,0,protrump
23,0,protrump
28,0,protrump
29,0,protrump
30,0,protrump
31,0,neutral
32,0,protrump
33,0,protrump
37,0,antitrump
38,0,protrump
39,0,protrump
40,0,protrump
44,0,antitrump
45,0,protrump
46,0,antitrump
48,0,protrump
49,0,protrump
58,0,protrump
59,0,protrump
61,0,neutral
62,0,protrump
63,0,protrump
64,0,antitrump
65,0,protrump
71,0,protrump
72,0,antitrump
73,0,protrump
57,0,protrump
79,0,protrump
7,0,protrump
81,0,protrump
82,0,protrump
92,0,protrump
93,0,protrump
0,0,antitrump
103,0,protrump
104,0,protrump
105,0,antitrump
106,0,antitrump
68,0,protrump
108,0,antitrump
109,0,protrump
110,0,protrump
84,0,protrump
111,0,protrump
116,0,protrump
117,0,protrump
119,0,protrump
118,0,antitrump
121,0,neutral
122,0,protrump
123,0,protrump
124,0,protrump
127,0,protrump
128,0,protrump
129,0,antitrump
130,0,antitrump
131,0,protrump
132,0,protrump
133,0,protrump
134,0,protrump
135,0,protrump
47,0,neutral
136,0,antitrump
6,0,antitrump
137,0,antitrump
140,0,protrump
143,0,antitrump
144,0,protrump
147,0,antitrump
146,0,protrump
148,0,protrump
80,0,protrump
149,0,protrump
150,0,antitrump
151,0,antitrump
152,0,antitrump
159,0,protrump
160,0,antitrump
161,0,protrump
162,0,antitrump
163,0,antitrump
173,0,neutral
174,0,antitrump
175,0,neutral
176,0,protrump
177,0,protrump
179,0,antitrump
101,0,antitrump
180,0,antitrump
181,0,antitrump
182,0,protrump
183,0,protrump
191,0,antitrump
192,0,antitrump
196,0,protrump
195,0,protrump
198,0,antitrump
199,0,neutral
203,0,protrump
204,0,protrump
206,0,antitrump
207,0,antitrump
208,0,protrump
209,0,protrump
210,0,antitrump
211,0,antitrump
212,0,protrump
213,0,antitrump
214,0,antitrump
215,0,antitrump
216,0,antitrump
2,0,protrump
218,0,antitrump
219,0,protrump
220,0,neutral
222,0,antitrump
221,0,antitrump
223,0,protrump
224,0,antitrump
231,0,protrump
85,0,protrump
233,0,protrump
234,0,protrump
232,0,protrump
235,0,protrump
236,0,protrump
238,0,antitrump
239,0,protrump
240,0,protrump
241,0,protrump
247,0,antitrump
248,0,protrump
249,0,protrump
250,0,neutral
139,0,neutral
253,0,antitrump
254,0,neutral
255,0,protrump
1,0,protrump
256,0,neutral
257,0,neutral
261,0,protrump
164,0,protrump
262,0,protrump
263,0,protrump
264,0,protrump
52,0,protrump
270,0,protrump
153,0,antitrump
271,0,protrump
35,0,protrump
3,0,antitrump
272,0,protrump
280,0,neutral
281,0,antitrump
290,0,antitrump
291,0,antitrump
300,0,protrump
301,0,protrump
302,0,antitrump
306,0,protrump
309,0,antitrump
310,0,protrump
307,0,protrump
311,0,neutral
78,0,antitrump
321,0,protrump
322,0,antitrump
324,0,antitrump
326,0,antitrump
327,0,protrump
331,0,protrump
36,0,antitrump
333,0,protrump
336,0,antitrump
335,0,antitrump
323,0,neutral
338,0,antitrump
340,0,protrump
341,0,protrump
345,0,antitrump
346,0,antitrump
347,0,protrump
350,0,protrump
304,0,protrump
351,0,antitrump
357,0,protrump
367,0,antitrump
368,0,protrump
373,0,neutral
375,0,protrump
376,0,protrump
384,0,antitrump
385,0,antitrump
388,0,neutral
389,0,protrump
390,0,antitrump
391,0,protrump
392,0,antitrump
352,0,neutral
393,0,neutral
394,0,antitrump
396,0,protrump
189,0,neutral
401,0,protrump
402,0,antitrump
403,0,antitrump
404,0,neutral
405,0,antitrump
406,0,protrump
414,0,neutral
421,0,protrump
422,0,neutral
428,0,neutral
436,0,protrump
284,0,protrump
441,0,protrump
442,0,protrump
445,0,antitrump
285,0,protrump
449,0,protrump
451,0,protrump
155,0,neutral
17,0,protrump
450,0,protrump
452,0,antitrump
453,0,antitrump
454,0,protrump
455,0,antitrump
456,0,neutral
459,0,neutral
460,0,neutral
462,0,antitrump
463,0,protrump
465,0,antitrump
464,0,antitrump
468,0,neutral
469,0,antitrump
185,0,neutral
473,0,antitrump
417,0,protrump
478,0,protrump
188,0,protrump
100,0,protrump
479,0,protrump
481,0,protrump
482,0,antitrump
380,0,protrump
484,0,antitrump
485,0,antitrump
487,0,protrump
317,0,protrump
488,0,protrump
489,0,protrump
490,0,protrump
431,0,protrump
400,0,protrump
491,0,antitrump
492,0,neutral
493,0,protrump
499,0,antitrump
500,0,protrump
502,0,antitrump
377,0,neutral
504,0,neutral
505,0,protrump
506,0,protrump
507,0,antitrump
508,0,protrump
511,0,protrump
512,0,neutral
513,0,protrump
518,0,protrump
25,0,protrump
522,0,protrump
524,0,neutral
526,0,protrump
276,0,antitrump
527,0,antitrump
528,0,protrump
531,0,protrump
537,0,antitrump
536,0,protrump
544,0,protrump
549,0,protrump
559,0,protrump
560,0,protrump
561,0,protrump
90,0,protrump
567,0,protrump
572,0,neutral
244,0,protrump
42,0,neutral
474,0,antitrump
168,0,antitrump
305,0,neutral
8,0,antitrump
584,0,protrump
583,0,protrump
590,0,protrump
589,0,protrump
197,0,protrump
74,0,protrump
597,0,antitrump
599,0,antitrump
600,0,protrump
570,0,protrump
601,0,antitrump
602,0,neutral
386,0,antitrump
604,0,neutral
606,0,protrump
613,0,antitrump
615,0,antitrump
616,0,antitrump
617,0,antitrump
344,0,protrump
618,0,antitrump
624,0,neutral
637,0,protrump
638,0,protrump
641,0,neutral
643,0,protrump
621,0,protrump
669,0,protrump
670,0,protrump
673,0,neutral
675,0,protrump
676,0,protrump
679,0,antitrump
680,0,antitrump
691,0,neutral
692,0,protrump
693,0,protrump
694,0,protrump
695,0,protrump
696,0,protrump
697,0,protrump
446,0,antitrump
698,0,protrump
699,0,antitrump
700,0,protrump
701,0,antitrump
704,0,antitrump
705,0,protrump
706,0,protrump
461,0,protrump
707,0,protrump
708,0,neutral
709,0,antitrump
710,0,protrump
713,0,antitrump
717,0,protrump
718,0,antitrump
720,0,protrump
725,0,antitrump
726,0,protrump
728,0,antitrump
729,0,neutral
731,0,protrump
733,0,protrump
740,0,antitrump
741,0,protrump
743,0,neutral
744,0,antitrump
745,0,protrump
746,0,neutral
751,0,protrump
756,0,protrump
757,0,antitrump
758,0,antitrump
759,0,neutral
555,0,protrump
772,0,antitrump
77,0,antitrump
780,0,protrump
230,0,neutral
790,0,protrump
792,0,antitrump
742,0,protrump
793,0,protrump
794,0,protrump
795,0,protrump
800,0,antitrump
801,0,antitrump
788,0,protrump
806,0,antitrump
807,0,antitrump
426,0,protrump
811,0,protrump
812,0,neutral
815,0,antitrump
817,0,antitrump
818,0,protrump
820,0,neutral
821,0,antitrump
609,0,protrump
823,0,protrump
824,0,protrump
477,0,protrump
825,0,protrump
592,0,neutral
830,0,antitrump
832,0,protrump
834,0,protrump
835,0,neutral
791,0,antitrump
184,0,neutral
325,0,protrump
836,0,protrump
837,0,protrump
797,0,protrump
839,0,protrump
434,0,protrump
418,0,protrump
843,0,protrump
844,0,protrump
845,0,protrump
846,0,protrump
847,0,protrump
848,0,protrump
849,0,protrump
661,0,protrump
653,0,protrump
853,0,antitrump
854,0,protrump
855,0,neutral
859,0,protrump
538,0,protrump
864,0,antitrump
871,0,protrump
872,0,protrump
370,0,protrump
429,0,neutral
782,0,protrump
120,0,protrump
639,0,protrump
882,0,protrump
881,0,antitrump
892,0,protrump
895,0,protrump
902,0,neutral
251,0,protrump
898,0,protrump
908,0,protrump
94,0,protrump
674,0,antitrump
915,0,protrump
916,0,protrump
610,0,protrump
359,0,antitrump
374,0,neutral
379,0,antitrump
312,0,antitrump
943,0,neutral
944,0,protrump
816,0,antitrump
954,0,protrump
366,0,neutral
964,0,protrump
965,0,protrump
969,0,antitrump
69,0,antitrump
828,0,antitrump
974,0,protrump
963,0,protrump
259,0,protrump
658,0,antitrump
986,0,protrump
987,0,protrump
875,0,protrump
945,0,antitrump
1001,1,protrump
1002,1,antitrump
1003,1,protrump
1004,1,protrump
1005,1,protrump
1006,1,protrump
1009,1,antitrump
1010,1,protrump
1011,1,protrump
1012,1,protrump
1013,1,protrump
1018,1,antitrump
1019,1,protrump
1024,1,protrump
1026,1,protrump
1025,1,protrump
1031,1,neutral
1032,1,antitrump
1037,1,protrump
1038,1,antitrump
1039,1,protrump
1040,1,protrump
1041,1,neutral
1045,1,protrump
1046,1,antitrump
1049,1,protrump
1050,1,protrump
1051,1,neutral
1053,1,protrump
1054,1,protrump
1055,1,protrump
1056,1,protrump
1057,1,protrump
1059,1,neutral
1060,1,antitrump
1065,1,antitrump
1064,1,antitrump
1066,1,protrump
1067,1,antitrump
1068,1,neutral
1069,1,neutral
1080,1,antitrump
1081,1,antitrump
1082,1,protrump
1083,1,protrump
1091,1,antitrump
1090,1,antitrump
1092,1,antitrump
1096,1,protrump
1097,1,protrump
1102,1,protrump
1106,1,neutral
1107,1,antitrump
1108,1,antitrump
1116,1,antitrump
1117,1,antitrump
1119,1,neutral
1118,1,protrump
1126,1,antitrump
1127,1,protrump
1148,1,protrump
1149,1,protrump
1153,1,neutral
1154,1,protrump
1155,1,neutral
1104,1,neutral
1165,1,antitrump
1128,1,antitrump
1166,1,protrump
1167,1,protrump
1139,1,protrump
1171,1,antitrump
1172,1,protrump
1173,1,protrump
1174,1,protrump
1181,1,protrump
1101,1,protrump
1182,1,protrump
1183,1,antitrump
1184,1,neutral
1187,1,antitrump
1186,1,antitrump
1193,1,protrump
1015,1,antitrump
1200,1,protrump
1201,1,antitrump
1204,1,antitrump
1205,1,protrump
1212,1,neutral
1213,1,protrump
1214,1,protrump
1215,1,protrump
1217,1,protrump
1111,1,protrump
1047,1,protrump
1219,1,protrump
1221,1,protrump
1222,1,antitrump
1223,1,protrump
1224,1,neutral
1225,1,protrump
1228,1,protrump
1229,1,protrump
1230,1,protrump
1231,1,protrump
1232,1,protrump
1233,1,protrump
1234,1,protrump
1235,1,antitrump
1072,1,neutral
1239,1,antitrump
1240,1,protrump
1242,1,antitrump
1246,1,antitrump
1093,1,protrump
1247,1,protrump
1248,1,antitrump
1062,1,antitrump
1100,1,antitrump
1251,1,neutral
1252,1,antitrump
1253,1,protrump
1254,1,antitrump
1255,1,protrump
1071,1,neutral
1256,1,protrump
1257,1,protrump
1258,1,neutral
1259,1,protrump
1260,1,antitrump
1261,1,antitrump
1262,1,protrump
1263,1,protrump
1265,1,protrump
1266,1,protrump
1267,1,protrump
1268,1,antitrump
1269,1,protrump
1270,1,protrump
1272,1,protrump
1273,1,antitrump
1278,1,protrump
1279,1,protrump
1135,1,protrump
1136,1,protrump
1283,1,antitrump
1284,1,neutral
1152,1,protrump
1285,1,antitrump
1196,1,protrump
1288,1,protrump
1289,1,protrump
1291,1,protrump
1292,1,antitrump
1293,1,antitrump
1294,1,protrump
1297,1,antitrump
1298,1,antitrump
1299,1,protrump
1300,1,protrump
1301,1,protrump
1304,1,protrump
1305,1,protrump
1308,1,antitrump
1310,1,protrump
1309,1,antitrump
1311,1,antitrump
1314,1,protrump
1315,1,protrump
1316,1,antitrump
1320,1,protrump
1319,1,protrump
1327,1,antitrump
1328,1,antitrump
1329,1,protrump
1330,1,protrump
1339,1,neutral
1044,1,neutral
1110,1,protrump
1343,1,antitrump
1345,1,antitrump
1034,1,protrump
1338,1,protrump
1347,1,neutral
1348,1,protrump
1349,1,protrump
1164,1,protrump
1195,1,neutral
1356,1,protrump
1357,1,protrump
1358,1,antitrump
1033,1,protrump
1027,1,antitrump
1363,1,antitrump
1237,1,protrump
1364,1,neutral
1365,1,protrump
1238,1,antitrump
1366,1,neutral
1368,1,protrump
1369,1,protrump
1372,1,protrump
1374,1,protrump
1144,1,neutral
1350,1,protrump
1147,1,protrump
1380,1,protrump
1383,1,antitrump
1386,1,protrump
1387,1,antitrump
1390,1,protrump
1394,1,antitrump
1395,1,protrump
1077,1,protrump
1398,1,protrump
1399,1,protrump
1400,1,protrump
1403,1,protrump
1404,1,antitrump
1409,1,antitrump
1410,1,protrump
1411,1,neutral
1412,1,protrump
1413,1,protrump
1414,1,antitrump
998,1,antitrump
1113,1,protrump
1415,1,antitrump
1419,1,antitrump
1420,1,protrump
1422,1,antitrump
1423,1,protrump
1424,1,protrump
1425,1,protrump
1203,1,antitrump
1426,1,protrump
1427,1,protrump
1428,1,protrump
1429,1,protrump
1430,1,neutral
1431,1,protrump
1434,1,antitrump
1058,1,neutral
1436,1,antitrump
1437,1,protrump
1439,1,protrump
1440,1,protrump
1441,1,protrump
1444,1,neutral
1445,1,protrump
1446,1,antitrump
1449,1,neutral
1450,1,protrump
1453,1,antitrump
1454,1,protrump
1462,1,protrump
1470,1,antitrump
1472,1,neutral
1473,1,protrump
1321,1,protrump
1474,1,antitrump
1476,1,protrump
1477,1,neutral
1478,1,protrump
1479,1,protrump
1484,1,protrump
1485,1,protrump
1486,1,protrump
1490,1,neutral
1489,1,protrump
1491,1,protrump
1492,1,neutral
1493,1,protrump
1494,1,neutral
1503,1,protrump
1336,1,protrump
1504,1,protrump
1507,1,antitrump
1510,1,antitrump
1511,1,antitrump
1512,1,protrump
1517,1,protrump
1532,1,protrump
1533,1,antitrump
1534,1,protrump
1535,1,antitrump
1538,1,protrump
1544,1,neutral
1042,1,protrump
1543,1,protrump
1546,1,protrump
1547,1,antitrump
1513,1,protrump
1550,1,protrump
1197,1,protrump
1551,1,antitrump
1552,1,protrump
1553,1,protrump
1554,1,antitrump
1563,1,protrump
1564,1,neutral
1565,1,protrump
1335,1,protrump
1571,1,antitrump
1354,1,protrump
1572,1,protrump
1578,1,protrump
1579,1,antitrump
1580,1,protrump
1581,1,protrump
1582,1,protrump
1584,1,protrump
1588,1,antitrump
1375,1,protrump
1589,1,protrump
1243,1,antitrump
1591,1,protrump
1593,1,protrump
1530,1,neutral
1594,1,protrump
1307,1,antitrump
1595,1,protrump
1596,1,antitrump
1597,1,neutral
1601,1,antitrump
1602,1,antitrump
1608,1,protrump
1286,1,protrump
1352,1,protrump
1609,1,antitrump
1612,1,protrump
1613,1,protrump
1373,1,protrump
1098,1,protrump
1618,1,protrump
1621,1,protrump
1622,1,antitrump
1623,1,protrump
1624,1,protrump
1121,1,antitrump
1625,1,antitrump
1626,1,protrump
1632,1,antitrump
1633,1,protrump
1220,1,protrump
1636,1,protrump
1638,1,antitrump
1640,1,protrump
1095,1,antitrump
1642,1,neutral
1577,1,antitrump
1643,1,protrump
1471,1,antitrump
1644,1,protrump
1645,1,protrump
1647,1,antitrump
1648,1,protrump
1141,1,antitrump
1649,1,protrump
1331,1,protrump
1653,1,protrump
1657,1,protrump
1658,1,protrump
1661,1,neutral
1663,1,protrump
1664,1,protrump
1665,1,protrump
1666,1,protrump
1667,1,protrump
1668,1,protrump
1669,1,protrump
1567,1,protrump
1673,1,protrump
1674,1,protrump
1677,1,protrump
1678,1,protrump
1680,1,neutral
1250,1,antitrump
1681,1,neutral
1682,1,protrump
1683,1,protrump
1326,1,neutral
1684,1,antitrump
1688,1,protrump
997,1,antitrump
1690,1,neutral
1691,1,neutral
1692,1,protrump
1389,1,antitrump
1693,1,protrump
1694,1,protrump
1695,1,protrump
1696,1,protrump
996,1,neutral
1421,1,protrump
1701,1,protrump
1704,1,protrump
1559,1,antitrump
1162,1,antitrump
1716,1,protrump
1063,1,protrump
1717,1,antitrump
1720,1,protrump
1722,1,protrump
1189,1,antitrump
1603,1,neutral
1723,1,antitrump
1175,1,neutral
1180,1,protrump
1729,1,antitrump
1417,1,antitrump
1733,1,antitrump
1736,1,protrump
1737,1,protrump
1738,1,protrump
1743,1,protrump
1747,1,neutral
1748,1,protrump
1749,1,neutral
1675,1,neutral
1755,1,protrump
1756,1,protrump
1757,1,protrump
1758,1,neutral
1761,1,antitrump
1762,1,antitrump
1282,1,antitrump
1767,1,antitrump
1768,1,protrump
1769,1,neutral
1775,1,protrump
1776,1,protrump
1778,1,protrump
1779,1,protrump
1782,1,antitrump
1783,1,protrump
1480,1,protrump
1784,1,protrump
1785,1,neutral
1788,1,antitrump
1797,1,protrump
1798,1,protrump
1799,1,antitrump
1800,1,antitrump
1807,1,protrump
1662,1,neutral
1808,1,protrump
1809,1,antitrump
1545,1,protrump
1810,1,antitrump
1813,1,antitrump
1816,1,protrump
1825,1,protrump
1274,1,neutral
1179,1,antitrump
1834,1,protrump
1125,1,protrump
1124,1,protrump
1839,1,antitrump
1840,1,protrump
1844,1,protrump
1707,1,protrump
1848,1,protrump
1849,1,antitrump
1852,1,protrump
1176,1,protrump
1134,1,protrump
1697,1,protrump
1868,1,protrump
1323,1,protrump
1887,1,neutral
1894,1,neutral
1659,1,neutral
1896,1,protrump
1897,1,protrump
1893,1,protrump
1901,1,protrump
1903,1,protrump
1904,1,protrump
1906,1,antitrump
1910,1,protrump
1911,1,neutral
1912,1,protrump
1914,1,protrump
1915,1,protrump
1917,1,protrump
1456,1,protrump
1634,1,protrump
1922,1,protrump
1923,1,protrump
1933,1,neutral
1934,1,protrump
1302,1,protrump
1599,1,protrump
1937,1,protrump
1938,1,protrump
1939,1,protrump
1943,1,protrump
1944,1,protrump
1719,1,protrump
1945,1,protrump
1948,1,protrump
1089,1,antitrump
1549,1,protrump
1961,1,protrump
1962,1,neutral
1963,1,antitrump
1964,1,antitrump
1965,1,protrump
1818,1,neutral
1968,1,protrump
1970,1,protrump
1708,1,protrump
1464,1,protrump
1971,1,antitrump
1972,1,protrump
1973,1,antitrump
1499,1,protrump
1583,1,protrump
1277,1,protrump
1984,1,protrump
1987,1,protrump
1988,1,protrump
1998,1,antitrump
1088,1,neutral
1793,1,neutral
2001,1,antitrump
1651,1,protrump
1542,1,protrump
2012,1,protrump
2013,1,protrump
1442,1,protrump
2021,1,antitrump
1908,1,protrump
1867,1,protrump
2027,1,protrump
2029,1,antitrump
2030,1,neutral
2033,1,protrump
2042,1,protrump
2044,1,antitrump
2045,1,antitrump
2046,1,antitrump
2047,1,protrump
2051,1,protrump
1750,1,protrump
2054,1,protrump
2056,1,antitrump
2057,1,antitrump
2061,1,protrump
2063,1,protrump
2064,1,protrump
2067,1,antitrump
2068,1,antitrump
1712,1,antitrump
2071,1,neutral
2077,1,protrump
2078,1,protrump
1218,1,protrump
2079,1,protrump
2080,1,protrump
2082,1,protrump
2083,1,protrump
2085,1,neutral
2086,1,protrump
1150,1,protrump
2092,1,protrump
2093,1,protrump
2098,1,protrump
2105,1,protrump
2107,1,antitrump
2112,1,antitrump
2113,1,protrump
2114,1,protrump
1074,1,protrump
2115,1,protrump
2116,1,protrump
2117,1,protrump
1925,1,antitrump
1192,1,antitrump
2119,1,protrump
2120,1,antitrump
1391,1,antitrump
2125,1,neutral
2128,1,antitrump
2131,1,neutral
2132,1,protrump
2133,1,protrump
2136,1,antitrump
2137,1,antitrump
1960,1,antitrump
1679,1,protrump
2147,1,protrump
1560,1,antitrump
2152,1,antitrump
2154,1,protrump
2156,1,protrump
1913,1,antitrump
2157,1,protrump
1570,1,protrump
2123,1,antitrump
1467,1,protrump
2163,1,protrump
1734,1,neutral
2166,1,antitrump
1815,1,antitrump
2173,1,antitrump
1122,1,antitrump
2176,1,protrump
2186,1,antitrump
2187,1,protrump
2190,1,protrump
2191,1,protrump
2192,1,protrump
2196,1,antitrump
2197,1,neutral
1048,1,antitrump
2206,2,protrump
2207,2,antitrump
2208,2,neutral
2209,2,protrump
2210,2,protrump
2217,2,antitrump
2218,2,antitrump
2219,2,protrump
2220,2,antitrump
2221,2,protrump
2222,2,protrump
2224,2,protrump
2225,2,protrump
2227,2,protrump
2228,2,protrump
2233,2,antitrump
2234,2,antitrump
2237,2,protrump
2238,2,protrump
2242,2,protrump
2243,2,antitrump
2244,2,neutral
2245,2,protrump
2246,2,protrump
2247,2,protrump
2250,2,antitrump
2251,2,protrump
2232,2,protrump
2257,2,protrump
2202,2,protrump
2265,2,protrump
2266,2,protrump
2267,2,protrump
2268,2,protrump
2269,2,protrump
2270,2,neutral
2276,2,protrump
2277,2,protrump
2280,2,protrump
2281,2,protrump
2284,2,neutral
2285,2,neutral
2288,2,protrump
2289,2,protrump
2290,2,protrump
2295,2,protrump
2296,2,protrump
2297,2,protrump
2298,2,protrump
2299,2,protrump
2300,2,neutral
2301,2,protrump
2302,2,protrump
2303,2,protrump
2304,2,protrump
2216,2,protrump
2305,2,protrump
2306,2,protrump
2307,2,protrump
2308,2,antitrump
2309,2,protrump
2310,2,protrump
2312,2,protrump
2291,2,antitrump
2313,2,protrump
2314,2,protrump
2318,2,protrump
2319,2,protrump
2320,2,protrump
2321,2,protrump
2323,2,protrump
2324,2,protrump
2325,2,protrump
2329,2,protrump
2330,2,antitrump
2337,2,neutral
2336,2,protrump
2338,2,neutral
2339,2,antitrump
2340,2,protrump
2341,2,neutral
2212,2,antitrump
2342,2,antitrump
2343,2,protrump
2344,2,protrump
2345,2,protrump
2346,2,protrump
2351,2,neutral
2352,2,protrump
2354,2,antitrump
2355,2,antitrump
2356,2,antitrump
2361,2,protrump
2362,2,neutral
2370,2,neutral
2371,2,neutral
2376,2,antitrump
2377,2,protrump
2378,2,protrump
2379,2,neutral
2380,2,protrump
2381,2,protrump
2335,2,protrump
2383,2,protrump
2214,2,protrump
2282,2,protrump
2393,2,protrump
2397,2,antitrump
2398,2,antitrump
2402,2,protrump
2403,2,neutral
2405,2,neutral
2406,2,protrump
2404,2,protrump
2407,2,protrump
2408,2,protrump
2409,2,antitrump
2410,2,protrump
2413,2,protrump
2414,2,antitrump
2415,2,antitrump
2416,2,protrump
2417,2,protrump
2426,2,protrump
2427,2,protrump
2374,2,protrump
2430,2,protrump
2433,2,protrump
2434,2,protrump
2435,2,antitrump
2436,2,antitrump
2437,2,antitrump
2445,2,protrump
2446,2,protrump
2448,2,protrump
2449,2,protrump
2454,2,protrump
2455,2,antitrump
2456,2,antitrump
2248,2,antitrump
2457,2,antitrump
2316,2,protrump
2458,2,protrump
2459,2,protrump
2463,2,neutral
2226,2,protrump
2254,2,protrump
2466,2,protrump
2467,2,protrump
2468,2,protrump
2469,2,antitrump
2470,2,antitrump
2473,2,antitrump
2477,2,antitrump
2353,2,protrump
2486,2,protrump
2485,2,neutral
2487,2,protrump
2488,2,protrump
2489,2,protrump
2491,2,antitrump
2492,2,antitrump
2472,2,antitrump
2493,2,neutral
2494,2,protrump
2495,2,neutral
2499,2,antitrump
2500,2,protrump
2501,2,protrump
2263,2,antitrump
2503,2,protrump
2504,2,protrump
2506,2,protrump
2507,2,neutral
2508,2,protrump
2509,2,neutral
2510,2,protrump
2511,2,neutral
2512,2,antitrump
2396,2,protrump
2513,2,protrump
2514,2,antitrump
2520,2,antitrump
2465,2,neutral
2522,2,protrump
2523,2,neutral
2527,2,neutral
2528,2,antitrump
2529,2,protrump
2533,2,protrump
2532,2,antitrump
2536,2,antitrump
2537,2,antitrump
2539,2,protrump
2540,2,antitrump
2541,2,protrump
2542,2,protrump
2543,2,protrump
2544,2,protrump
2546,2,antitrump
2366,2,protrump
2548,2,protrump
2550,2,protrump
2551,2,protrump
2552,2,protrump
2553,2,protrump
2554,2,antitrump
2555,2,protrump
2556,2,antitrump
2559,2,protrump
2386,2,protrump
2562,2,neutral
2563,2,antitrump
2565,2,antitrump
2564,2,antitrump
2566,2,protrump
2567,2,antitrump
2573,2,protrump
2574,2,antitrump
2575,2,protrump
2576,2,antitrump
2578,2,protrump
2585,2,neutral
2428,2,antitrump
2372,2,protrump
2586,2,antitrump
2587,2,protrump
2588,2,protrump
2591,2,neutral
2592,2,antitrump
2590,2,neutral
2593,2,protrump
2594,2,antitrump
2595,2,antitrump
2604,2,neutral
2605,2,neutral
2606,2,protrump
2607,2,protrump
2608,2,neutral
2609,2,protrump
2610,2,protrump
2617,2,protrump
2618,2,protrump
2619,2,protrump
2622,2,antitrump
2623,2,antitrump
2626,2,antitrump
2627,2,antitrump
2628,2,antitrump
2505,2,antitrump
2629,2,antitrump
2630,2,protrump
2631,2,neutral
2632,2,protrump
2633,2,antitrump
2634,2,antitrump
2635,2,antitrump
2636,2,neutral
2253,2,protrump
2637,2,protrump
2638,2,protrump
2640,2,antitrump
2644,2,protrump
2287,2,neutral
2649,2,protrump
2651,2,neutral
2652,2,protrump
2653,2,antitrump
2648,2,neutral
2392,2,protrump
2654,2,protrump
2657,2,antitrump
2658,2,protrump
2389,2,protrump
2660,2,protrump
2661,2,antitrump
2664,2,antitrump
2665,2,neutral
2666,2,protrump
2667,2,antitrump
2668,2,antitrump
2670,2,antitrump
2673,2,neutral
2674,2,antitrump
2675,2,antitrump
2676,2,antitrump
2682,2,protrump
2683,2,antitrump
2689,2,antitrump
2690,2,protrump
2691,2,antitrump
2697,2,antitrump
2698,2,protrump
2700,2,protrump
2701,2,protrump
2702,2,antitrump
2703,2,protrump
2704,2,antitrump
2705,2,protrump
2615,2,protrump
2711,2,neutral
2712,2,protrump
2718,2,protrump
2717,2,protrump
2720,2,antitrump
2721,2,protrump
2722,2,protrump
2726,2,protrump
2727,2,protrump
2728,2,neutral
2729,2,neutral
2730,2,protrump
2734,2,protrump
2737,2,protrump
2736,2,protrump
2741,2,protrump
2742,2,protrump
2419,2,protrump
2420,2,antitrump
2746,2,protrump
2748,2,protrump
2749,2,protrump
2422,2,neutral
2752,2,protrump
2753,2,antitrump
2754,2,protrump
2756,2,antitrump
2758,2,protrump
2759,2,protrump
2761,2,antitrump
2762,2,antitrump
2763,2,antitrump
2768,2,neutral
2357,2,protrump
2646,2,neutral
2771,2,antitrump
2772,2,protrump
2773,2,protrump
2462,2,protrump
2774,2,protrump
2778,2,protrump
2779,2,antitrump
2781,2,antitrump
2782,2,protrump
2783,2,neutral
2784,2,antitrump
2789,2,antitrump
2790,2,protrump
2796,2,protrump
2797,2,protrump
2798,2,antitrump
2799,2,antitrump
2801,2,protrump
2802,2,antitrump
2803,2,protrump
2571,2,protrump
2805,2,protrump
2806,2,protrump
2807,2,protrump
2808,2,protrump
2810,2,antitrump
2811,2,antitrump
2812,2,protrump
2421,2,protrump
2814,2,protrump
2816,2,antitrump
2818,2,neutral
2819,2,protrump
2820,2,protrump
2821,2,antitrump
2822,2,protrump
2823,2,protrump
2825,2,protrump
2569,2,protrump
2294,2,antitrump
2827,2,protrump
2830,2,protrump
2829,2,protrump
2258,2,antitrump
2836,2,neutral
2837,2,antitrump
2838,2,protrump
2839,2,protrump
2843,2,protrump
2800,2,protrump
2373,2,protrump
2849,2,protrump
2855,2,antitrump
2858,2,protrump
2859,2,protrump
2865,2,protrump
2866,2,protrump
2867,2,neutral
2868,2,protrump
2873,2,neutral
2874,2,antitrump
2875,2,neutral
2878,2,antitrump
2677,2,protrump
2879,2,antitrump
2880,2,protrump
2882,2,protrump
2883,2,antitrump
2884,2,antitrump
2885,2,neutral
2886,2,protrump
2887,2,protrump
2888,2,antitrump
2890,2,protrump
2891,2,protrump
2894,2,antitrump
2895,2,neutral
2331,2,protrump
2898,2,protrump
2899,2,antitrump
2502,2,protrump
2902,2,protrump
2904,2,antitrump
2905,2,antitrump
2908,2,protrump
2913,2,neutral
2917,2,protrump
2918,2,protrump
2921,2,protrump
2922,2,protrump
2616,2,protrump
2924,2,protrump
2926,2,neutral
2369,2,protrump
2934,2,antitrump
2935,2,protrump
2936,2,protrump
2937,2,antitrump
2938,2,antitrump
2948,2,protrump
2951,2,antitrump
2953,2,neutral
2954,2,antitrump
2955,2,protrump
2956,2,protrump
2957,2,protrump
2959,2,antitrump
2960,2,neutral
2961,2,protrump
2962,2,neutral
2669,2,protrump
2966,2,protrump
2967,2,protrump
2395,2,protrump
2968,2,protrump
2970,2,protrump
2971,2,neutral
2582,2,neutral
2975,2,protrump
2597,2,antitrump
2977,2,protrump
2978,2,antitrump
2979,2,protrump
2794,2,antitrump
2980,2,protrump
2981,2,protrump
2982,2,protrump
2987,2,protrump
2988,2,antitrump
2348,2,protrump
2992,2,protrump
2993,2,protrump
2847,2,neutral
2943,2,protrump
2998,2,antitrump
2999,2,neutral
3000,2,antitrump
2740,2,protrump
3001,2,antitrump
3002,2,protrump
3003,2,protrump
3007,2,protrump
3010,2,protrump
2558,2,protrump
2911,2,antitrump
3018,2,protrump
3020,2,antitrump
3021,2,antitrump
3023,2,antitrump
2834,2,protrump
2476,2,protrump
3024,2,neutral
3025,2,protrump
3026,2,protrump
3027,2,antitrump
3028,2,antitrump
3029,2,protrump
3033,2,protrump
3034,2,protrump
2272,2,protrump
3035,2,antitrump
3042,2,protrump
3043,2,protrump
3047,2,protrump
3050,2,protrump
3051,2,neutral
3056,2,protrump
3057,2,antitrump
3058,2,protrump
3061,2,protrump
2985,2,antitrump
3074,2,protrump
3083,2,protrump
3086,2,neutral
3087,2,protrump
3088,2,neutral
3089,2,antitrump
3092,2,protrump
3093,2,antitrump
3096,2,protrump
3097,2,antitrump
2684,2,neutral
2412,2,neutral
3098,2,neutral
3099,2,neutral
2572,2,antitrump
2439,2,antitrump
2932,2,protrump
3105,2,protrump
3109,2,protrump
3110,2,neutral
3113,2,protrump
3115,2,protrump
3116,2,protrump
3118,2,neutral
3119,2,protrump
2862,2,protrump
2614,2,protrump
3125,2,antitrump
3126,2,antitrump
3129,2,neutral
3131,2,neutral
2809,2,neutral
3134,2,antitrump
3138,2,antitrump
3139,2,protrump
3141,2,protrump
2275,2,protrump
2315,2,protrump
3145,2,antitrump
3147,2,protrump
2390,2,protrump
2863,2,neutral
3149,2,protrump
2367,2,protrump
3154,2,protrump
2745,2,protrump
2535,2,protrump
3095,2,neutral
3158,2,protrump
3159,2,antitrump
2817,2,protrump
2418,2,protrump
3169,2,protrump
3170,2,antitrump
3171,2,protrump
3173,2,neutral
3178,2,protrump
3184,2,protrump
3185,2,protrump
2840,2,antitrump
3190,2,protrump
3194,2,protrump
3199,2,protrump
3198,2,protrump
3200,2,protrump
3201,2,protrump
2530,2,protrump
3202,2,antitrump
3205,2,protrump
2223,2,protrump
3210,2,neutral
3212,2,protrump
3214,2,protrump
3218,2,antitrump
3217,2,protrump
3222,2,antitrump
2786,2,antitrump
2359,2,protrump
2680,2,antitrump
3238,2,protrump
3242,2,protrump
3243,2,protrump
3245,2,antitrump
3246,2,protrump
3247,2,protrump
3249,2,antitrump
3250,2,antitrump
3251,2,neutral
3019,2,protrump
3269,2,protrump
2368,2,antitrump
2311,2,neutral
3270,2,protrump
3273,2,protrump
3274,2,protrump
3275,2,antitrump
2252,2,antitrump
3285,2,protrump
3288,2,protrump
3290,2,neutral
3137,2,antitrump
3292,2,antitrump
3293,2,antitrump
3297,2,neutral
3298,2,protrump
3304,2,protrump
3305,2,antitrump
2679,2,protrump
2241,2,neutral
3307,2,antitrump
3312,2,protrump
2332,2,protrump
3318,2,antitrump
3090,2,protrump
2769,2,antitrump
3321,2,protrump
3329,2,protrump
3330,2,protrump
2274,2,antitrump
2833,2,protrump
3333,2,antitrump
3334,2,neutral
3339,2,protrump
3341,2,antitrump
3342,2,protrump
3008,2,protrump
3286,2,antitrump
2230,2,antitrump
3349,2,protrump
3079,2,protrump
3351,2,protrump
3317,2,antitrump
3361,2,antitrump
3362,2,protrump
3009,2,antitrump
3363,2,antitrump
3365,2,protrump
3366,2,protrump
3371,2,protrump
3372,2,neutral
2490,2,protrump
3133,2,protrump
3376,2,antitrump
3383,2,antitrump
3392,2,antitrump
2205,2,protrump
3393,2,antitrump
3395,2,antitrump
3402,2,protrump
3403,2,protrump
3405,2,protrump
3406,2,neutral
3409,2,antitrump
2475,2,neutral
3410,2,protrump
3415,2,protrump
3418,2,protrump
3416,2,protrump
3419,2,protrump
3423,2,protrump
3424,2,protrump
3425,2,protrump
3426,2,protrump
3427,2,protrump
3431,2,neutral
3436,2,protrump
3121,2,protrump
3440,2,protrump
3448,2,protrump
3449,2,protrump
3450,2,protrump
3452,2,antitrump
2709,2,protrump
2349,2,neutral
3458,3,protrump
3459,3,neutral
3460,3,protrump
3461,3,protrump
3462,3,protrump
3463,3,protrump
3465,3,protrump
3466,3,antitrump
3467,3,antitrump
3468,3,protrump
3469,3,antitrump
3470,3,antitrump
3471,3,protrump
3472,3,protrump
3473,3,protrump
3474,3,protrump
3477,3,antitrump
3478,3,protrump
3479,3,neutral
3480,3,antitrump
3481,3,neutral
3482,3,protrump
3484,3,antitrump
3485,3,protrump
3486,3,protrump
3487,3,antitrump
3488,3,neutral
3489,3,protrump
3493,3,protrump
3494,3,protrump
3496,3,protrump
3497,3,protrump
3501,3,protrump
3502,3,antitrump
3503,3,antitrump
3504,3,protrump
3505,3,neutral
3508,3,protrump
3509,3,protrump
3510,3,antitrump
3511,3,antitrump
3512,3,protrump
3517,3,neutral
3518,3,neutral
3519,3,antitrump
3521,3,antitrump
3522,3,neutral
3524,3,protrump
3525,3,antitrump
3528,3,antitrump
3529,3,antitrump
3530,3,protrump
3531,3,antitrump
3532,3,protrump
3533,3,protrump
3534,3,protrump
3535,3,protrump
3536,3,protrump
3537,3,antitrump
3538,3,protrump
3539,3,protrump
3540,3,protrump
3548,3,antitrump
3549,3,protrump
3550,3,protrump
3551,3,antitrump
3553,3,neutral
3554,3,protrump
3560,3,protrump
3561,3,protrump
3562,3,antitrump
3563,3,protrump
3567,3,protrump
3568,3,protrump
3573,3,antitrump
3574,3,antitrump
3579,3,antitrump
3580,3,protrump
3581,3,antitrump
3582,3,neutral
3583,3,protrump
3585,3,protrump
3586,3,protrump
3587,3,antitrump
3603,3,protrump
3604,3,protrump
3601,3,protrump
3464,3,neutral
3605,3,antitrump
3606,3,protrump
3607,3,neutral
3608,3,protrump
3610,3,antitrump
3611,3,neutral
3614,3,protrump
3615,3,protrump
3616,3,protrump
3621,3,protrump
3622,3,neutral
3624,3,protrump
3625,3,protrump
3626,3,neutral
3627,3,protrump
3629,3,protrump
3630,3,protrump
3637,3,protrump
3638,3,antitrump
3639,3,protrump
3640,3,antitrump
3641,3,antitrump
3643,3,neutral
3612,3,antitrump
3644,3,protrump
3645,3,protrump
3647,3,antitrump
3648,3,protrump
3650,3,neutral
3651,3,protrump
3652,3,protrump
3656,3,antitrump
3657,3,protrump
3658,3,antitrump
3659,3,protrump
3661,3,protrump
3660,3,protrump
3662,3,protrump
3663,3,protrump
3664,3,protrump
3665,3,neutral
3666,3,protrump
3667,3,neutral
3671,3,protrump
3672,3,antitrump
3673,3,antitrump
3674,3,neutral
3676,3,protrump
3677,3,protrump
3681,3,neutral
3682,3,protrump
3685,3,protrump
3600,3,protrump
3686,3,protrump
3691,3,neutral
3692,3,neutral
3694,3,antitrump
3696,3,protrump
3697,3,protrump
3699,3,antitrump
3702,3,protrump
3703,3,neutral
3704,3,antitrump
3705,3,protrump
3706,3,antitrump
3707,3,antitrump
3708,3,protrump
3709,3,protrump
3712,3,protrump
3713,3,protrump
3714,3,neutral
3715,3,protrump
3720,3,protrump
3721,3,protrump
3722,3,protrump
3727,3,protrump
3728,3,protrump
3732,3,neutral
3733,3,protrump
3734,3,antitrump
3735,3,neutral
3556,3,antitrump
3737,3,antitrump
3739,3,protrump
3740,3,protrump
3743,3,protrump
3744,3,antitrump
3745,3,protrump
3746,3,protrump
3747,3,antitrump
3748,3,antitrump
3755,3,protrump
3756,3,protrump
3757,3,antitrump
3758,3,protrump
3759,3,protrump
3760,3,protrump
3761,3,protrump
3762,3,protrump
3763,3,protrump
3764,3,antitrump
3765,3,antitrump
3766,3,neutral
3767,3,neutral
3768,3,protrump
3769,3,protrump
3770,3,neutral
3771,3,protrump
3774,3,antitrump
3777,3,protrump
3778,3,protrump
3781,3,antitrump
3782,3,protrump
3783,3,antitrump
3784,3,protrump
3785,3,protrump
3786,3,protrump
3787,3,protrump
3788,3,protrump
3790,3,antitrump
3793,3,protrump
3794,3,antitrump
3796,3,antitrump
3687,3,protrump
3797,3,antitrump
3800,3,protrump
3741,3,protrump
3803,3,protrump
3804,3,protrump
3806,3,protrump
3807,3,antitrump
3698,3,protrump
3811,3,protrump
3814,3,neutral
3815,3,antitrump
3816,3,protrump
3817,3,protrump
3818,3,protrump
3819,3,antitrump
3619,3,neutral
3822,3,antitrump
3823,3,protrump
3824,3,antitrump
3829,3,antitrump
3830,3,antitrump
3834,3,antitrump
3835,3,neutral
3837,3,protrump
3838,3,neutral
3839,3,antitrump
3840,3,protrump
3844,3,protrump
3845,3,antitrump
3847,3,antitrump
3848,3,protrump
3849,3,protrump
3850,3,protrump
3851,3,protrump
3853,3,antitrump
3854,3,antitrump
3856,3,protrump
3857,3,protrump
3858,3,antitrump
3859,3,protrump
3863,3,antitrump
3680,3,neutral
3865,3,protrump
3866,3,neutral
3867,3,protrump
3868,3,antitrump
3869,3,neutral
3623,3,neutral
3875,3,antitrump
3877,3,protrump
3878,3,neutral
3879,3,neutral
3881,3,antitrump
3880,3,protrump
3887,3,protrump
3888,3,protrump
3889,3,neutral
3890,3,protrump
3893,3,protrump
3894,3,protrump
3900,3,protrump
3901,3,protrump
3903,3,protrump
3904,3,protrump
3906,3,antitrump
3820,3,protrump
3910,3,protrump
3911,3,antitrump
3913,3,antitrump
3914,3,antitrump
3916,3,protrump
3917,3,protrump
3918,3,antitrump
3919,3,antitrump
3592,3,antitrump
3921,3,protrump
3922,3,antitrump
3923,3,protrump
3924,3,protrump
3925,3,antitrump
3926,3,antitrump
3930,3,neutral
3931,3,protrump
3933,3,protrump
3934,3,neutral
3935,3,protrump
3936,3,protrump
3937,3,protrump
3939,3,protrump
3940,3,antitrump
3945,3,antitrump
3944,3,protrump
3949,3,neutral
3955,3,protrump
3956,3,protrump
3958,3,protrump
3959,3,protrump
3967,3,neutral
3968,3,protrump
3969,3,antitrump
3970,3,protrump
3971,3,protrump
3972,3,protrump
3826,3,protrump
3977,3,neutral
3978,3,antitrump
3979,3,antitrump
3980,3,protrump
3981,3,antitrump
3984,3,antitrump
3986,3,protrump
3987,3,protrump
3993,3,antitrump
3683,3,antitrump
3994,3,antitrump
3992,3,antitrump
3996,3,antitrump
3997,3,antitrump
4000,3,antitrump
4001,3,neutral
4004,3,protrump
3873,3,antitrump
4006,3,protrump
4007,3,protrump
3515,3,protrump
3895,3,neutral
4010,3,protrump
4011,3,protrump
4015,3,antitrump
4016,3,protrump
4017,3,protrump
4018,3,protrump
4019,3,protrump
4020,3,antitrump
4021,3,antitrump
4026,3,protrump
4027,3,protrump
4028,3,protrump
4029,3,protrump
4030,3,protrump
4032,3,protrump
4033,3,protrump
4034,3,protrump
3526,3,protrump
4039,3,protrump
4043,3,protrump
4044,3,protrump
4045,3,protrump
4046,3,neutral
4052,3,protrump
4053,3,protrump
4054,3,protrump
4055,3,neutral
4056,3,neutral
4057,3,antitrump
4058,3,neutral
4060,3,antitrump
4061,3,antitrump
4063,3,antitrump
4062,3,protrump
4071,3,antitrump
4072,3,antitrump
4073,3,antitrump
3947,3,antitrump
4074,3,protrump
4075,3,antitrump
4076,3,antitrump
4077,3,protrump
4080,3,protrump
4082,3,protrump
4083,3,protrump
4086,3,antitrump
4088,3,antitrump
4092,3,antitrump
4093,3,neutral
4100,3,protrump
4101,3,antitrump
4102,3,protrump
4103,3,protrump
4104,3,antitrump
3541,3,protrump
4106,3,protrump
4107,3,protrump
4108,3,antitrump
4109,3,protrump
4110,3,protrump
4112,3,protrump
4113,3,protrump
4114,3,protrump
4115,3,protrump
4119,3,antitrump
4120,3,protrump
4121,3,antitrump
4124,3,protrump
4125,3,antitrump
4090,3,antitrump
4087,3,protrump
4126,3,protrump
4127,3,protrump
4128,3,protrump
4129,3,protrump
4130,3,antitrump
3588,3,protrump
4131,3,antitrump
4132,3,protrump
3915,3,protrump
4135,3,protrump
4136,3,antitrump
4137,3,protrump
4139,3,protrump
3742,3,protrump
4140,3,antitrump
4141,3,neutral
4142,3,protrump
3775,3,protrump
4150,3,neutral
3523,3,neutral
4156,3,protrump
4157,3,neutral
4158,3,antitrump
4159,3,antitrump
4160,3,protrump
4161,3,protrump
4162,3,antitrump
4163,3,protrump
4164,3,protrump
4165,3,protrump
3577,3,protrump
4166,3,antitrump
4167,3,protrump
4168,3,antitrump
4169,3,protrump
4170,3,protrump
4171,3,protrump
4172,3,protrump
4182,3,protrump
4183,3,antitrump
4184,3,antitrump
4185,3,antitrump
3909,3,antitrump
4187,3,antitrump
4188,3,protrump
4191,3,protrump
4192,3,antitrump
4193,3,protrump
4199,3,protrump
4200,3,protrump
4201,3,protrump
4204,3,protrump
4205,3,protrump
3964,3,protrump
4209,3,protrump
4210,3,protrump
4213,3,protrump
4220,3,neutral
3710,3,neutral
4222,3,protrump
4224,3,neutral
4225,3,neutral
4226,3,protrump
4227,3,antitrump
4228,3,protrump
4236,3,protrump
4237,3,protrump
4238,3,protrump
4239,3,neutral
4243,3,antitrump
4249,3,protrump
4250,3,neutral
4253,3,protrump
3825,3,protrump
4259,3,antitrump
4260,3,antitrump
4262,3,protrump
3594,3,antitrump
3555,3,protrump
4263,3,protrump
4264,3,protrump
4266,3,neutral
4267,3,protrump
4268,3,protrump
4269,3,neutral
4270,3,antitrump
4271,3,protrump
4272,3,protrump
4274,3,antitrump
4275,3,protrump
3905,3,antitrump
4276,3,neutral
4278,3,antitrump
4279,3,antitrump
4280,3,protrump
4281,3,protrump
4282,3,antitrump
4285,3,protrump
4286,3,protrump
4287,3,protrump
4288,3,protrump
3513,3,antitrump
4289,3,protrump
4291,3,protrump
4292,3,antitrump
4293,3,antitrump
4294,3,antitrump
4295,3,protrump
4302,3,antitrump
4303,3,protrump
4211,3,neutral
4306,3,antitrump
4307,3,protrump
3821,3,protrump
4308,3,antitrump
4312,3,protrump
4313,3,antitrump
4314,3,antitrump
4315,3,protrump
4316,3,antitrump
4317,3,protrump
4318,3,protrump
3928,3,protrump
4326,3,neutral
4327,3,antitrump
4328,3,protrump
4329,3,antitrump
4330,3,protrump
4331,3,antitrump
4332,3,protrump
4333,3,protrump
3669,3,antitrump
4334,3,antitrump
4335,3,antitrump
4344,3,antitrump
4354,3,antitrump
4353,3,antitrump
4358,3,antitrump
3514,3,protrump
4360,3,protrump
4364,3,neutral
4365,3,neutral
4366,3,protrump
3961,3,protrump
4367,3,antitrump
4372,3,antitrump
4373,3,protrump
4379,3,antitrump
4380,3,antitrump
4382,3,protrump
4383,3,protrump
4386,3,antitrump
4387,3,protrump
3617,3,protrump
4392,3,antitrump
3876,3,antitrump
3908,3,protrump
4394,3,antitrump
4395,3,protrump
4178,3,antitrump
4403,3,protrump
4406,3,neutral
4407,3,antitrump
4416,3,protrump
4300,3,protrump
4417,3,protrump
4179,3,protrump
3779,3,protrump
4419,3,protrump
4420,3,neutral
4081,3,protrump
4422,3,protrump
4423,3,antitrump
4428,3,neutral
4429,3,protrump
4430,3,antitrump
4431,3,antitrump
4433,3,antitrump
4434,3,protrump
4435,3,protrump
4450,3,neutral
4451,3,protrump
4453,3,protrump
4454,3,protrump
4458,3,antitrump
3805,3,protrump
3500,3,protrump
4464,3,protrump
4470,3,protrump
3864,3,neutral
4474,3,antitrump
4478,3,neutral
4479,3,protrump
3750,3,protrump
4005,3,protrump
4485,3,protrump
4486,3,antitrump
4487,3,antitrump
3498,3,protrump
4503,3,protrump
4505,3,protrump
4506,3,protrump
4038,3,protrump
3882,3,protrump
4507,3,protrump
4508,3,protrump
4512,3,protrump
4517,3,protrump
4518,3,antitrump
4521,3,protrump
4177,3,protrump
4525,3,protrump
4526,3,protrump
4527,3,antitrump
4528,3,neutral
4532,3,antitrump
4533,3,antitrump
4535,3,neutral
4536,3,protrump
4538,3,protrump
4539,3,protrump
4542,3,antitrump
4320,3,antitrump
4543,3,antitrump
3953,3,antitrump
4544,3,neutral
4066,3,protrump
4546,3,antitrump
4551,3,protrump
4552,3,protrump
4555,3,protrump
4558,3,protrump
4559,3,antitrump
3632,3,protrump
4571,3,protrump
4483,3,protrump
4155,3,antitrump
4581,3,neutral
4582,3,protrump
4585,3,protrump
4589,3,protrump
3584,3,antitrump
4591,3,protrump
4592,3,antitrump
4593,3,protrump
4594,3,antitrump
4595,3,neutral
4596,3,protrump
4597,3,neutral
4446,3,neutral
4601,3,antitrump
4604,3,protrump
4605,3,protrump
4606,3,protrump
4607,3,protrump
4608,3,protrump
4610,3,antitrump
4097,3,protrump
4096,3,neutral
4251,3,protrump
4615,3,antitrump
4616,3,protrump
4148,3,protrump
4624,3,protrump
4625,3,protrump
4626,3,protrump
4633,3,antitrump
4640,3,protrump
4231,3,neutral
4644,3,protrump
4402,3,protrump
4647,3,protrump
4305,3,protrump
4650,3,protrump
4651,3,protrump
4652,3,protrump
4025,3,antitrump
4653,3,protrump
4658,3,antitrump
4663,3,antitrump
4664,3,antitrump
3649,3,protrump
4666,3,protrump
4670,3,neutral
3684,3,antitrump
4671,3,protrump
4673,3,antitrump
4677,3,antitrump
4523,3,antitrump
4678,3,antitrump
4679,3,protrump
4680,3,neutral
4681,3,neutral
4682,3,protrump
4683,3,antitrump
4620,3,protrump
4684,3,protrump
4685,3,antitrump
4686,3,protrump
3635,3,protrump
4461,3,antitrump
4374,3,protrump
3717,3,antitrump
4022,3,protrump
3569,3,antitrump
4696,3,protrump
4698,3,protrump
4699,3,antitrump
4701,3,antitrump
4703,3,protrump
4704,3,antitrump
3506,3,protrump
4707,3,protrump
4708,3,neutral
4089,3,antitrump
3772,3,neutral
4713,3,antitrump
4714,3,antitrump
4715,3,antitrump
4716,3,protrump
4717,3,protrump
4721,3,protrump
4232,3,protrump
3546,3,protrump
3891,3,antitrump
3491,3,protrump
4727,3,protrump
4729,3,protrump
3962,3,antitrump
3545,3,antitrump
4733,3,protrump
4732,3,neutral
3609,3,protrump
4735,3,protrump
4736,3,antitrump
4566,3,antitrump
4737,3,antitrump
4738,3,protrump
4739,3,neutral
4324,3,protrump
4740,3,neutral
4609,3,protrump
4743,3,antitrump
4648,3,antitrump
4748,3,antitrump
4618,3,protrump
4529,3,protrump
4757,3,protrump
4758,3,antitrump
4759,3,protrump
4765,3,protrump
4472,3,antitrump
4766,3,antitrump
4767,3,antitrump
4774,3,protrump
4780,3,protrump
4781,3,antitrump
4787,3,antitrump
4788,3,protrump
4792,3,protrump
4797,3,antitrump
3633,3,protrump
3598,3,antitrump
4802,3,protrump
4804,3,neutral
4805,3,neutral
4212,3,antitrump
4504,3,protrump
4812,3,protrump
4813,3,antitrump
4817,3,protrump
4821,3,protrump
4822,3,protrump
4823,3,neutral
4824,3,antitrump
4400,3,antitrump
3812,3,protrump
4447,3,antitrump
4828,3,protrump
4840,3,antitrump
4841,3,protrump
4843,3,neutral
4845,3,antitrump
4846,3,antitrump
4782,3,neutral
4848,3,protrump
4853,3,neutral
4855,3,protrump
4858,3,antitrump
4862,3,antitrump
4863,3,protrump
4872,3,neutral
4873,3,antitrump
4877,3,protrump
4878,3,protrump
4760,3,antitrump
4879,3,protrump
4882,3,protrump
4883,3,antitrump
4887,3,antitrump
4889,3,antitrump
4223,3,antitrump
4890,3,protrump
4892,3,protrump
4893,3,antitrump
4574,3,protrump
4897,3,neutral
4898,3,neutral
4904,3,protrump
4455,3,protrump
4916,3,protrump
4918,3,antitrump
4919,3,antitrump
4924,3,neutral
4926,3,protrump
4928,3,protrump
4929,3,protrump
4579,3,protrump
4931,3,protrump
4932,3,protrump
4934,3,antitrump
4042,3,antitrump
4854,3,antitrump
4944,3,antitrump
4378,3,antitrump
4173,3,protrump
3620,3,neutral
4948,3,antitrump
4952,3,neutral
4953,3,antitrump
4954,3,neutral
4955,3,neutral
3701,3,antitrump
4580,3,protrump
4960,3,protrump
4048,3,protrump
4962,3,antitrump
4966,3,protrump
4967,3,antitrump
4024,3,protrump
4973,3,protrump
4547,3,protrump
4974,3,protrump
4975,3,protrump
4976,3,antitrump
4190,3,protrump
4982,3,protrump
4983,3,protrump
4985,3,antitrump
4988,3,protrump
4992,3,protrump
4915,3,protrump
4995,3,neutral
4999,3,protrump
4690,3,protrump
4467,3,protrump
4149,3,protrump
4869,3,neutral
5007,3,protrump
4248,3,antitrump
5017,4,neutral
5018,4,protrump
5029,4,antitrump
5030,4,antitrump
5033,4,neutral
5034,4,antitrump
5043,4,antitrump
5044,4,protrump
5046,4,protrump
5011,4,protrump
5047,4,protrump
5048,4,antitrump
5049,4,protrump
5020,4,protrump
5057,4,protrump
5064,4,protrump
5021,4,neutral
5019,4,neutral
5016,4,neutral
5095,4,neutral
5014,4,protrump
5045,4,protrump
5106,4,protrump
5101,4,protrump
5109,4,protrump
5088,4,protrump
5026,4,neutral
5119,4,antitrump
5120,4,antitrump
5091,4,neutral
5114,4,protrump
5130,4,protrump
5132,4,neutral
5035,4,neutral
5136,4,protrump
5090,4,neutral
5144,4,protrump
5146,4,antitrump
5147,4,antitrump
5036,4,neutral
5032,4,protrump
5087,4,protrump
5162,4,protrump
5055,4,neutral
5165,4,protrump
5124,4,antitrump
5183,4,protrump
5171,4,neutral
5193,4,antitrump
5195,4,protrump
5051,4,protrump
5202,4,neutral
5203,4,antitrump
5078,4,antitrump
5111,4,protrump
5073,4,protrump
5167,4,protrump
5207,4,antitrump
5218,4,antitrump
5062,4,antitrump
5227,4,protrump
5231,4,protrump
5232,4,antitrump
5189,4,antitrump
