11647,0,antitrump
12808,0,antitrump
12523,0,neutral
13028,0,antitrump
11994,0,neutral
10940,0,neutral
11155,0,antitrump
654,0,neutral
13213,0,protrump
12887,0,neutral
7007,0,neutral
12751,0,protrump
917,0,neutral
12470,0,neutral
12586,0,neutral
11017,0,protrump
13022,0,protrump
12554,0,neutral
12507,0,neutral
11280,0,neutral
11422,0,antitrump
11196,0,protrump
11792,0,neutral
13172,0,neutral
12861,0,antitrump
12394,0,antitrump
12820,0,antitrump
6576,0,antitrump
13072,0,antitrump
12777,0,neutral
7645,0,antitrump
671,0,antitrump
12378,0,protrump
13114,0,neutral
12430,0,antitrump
11506,0,antitrump
11889,0,antitrump
12372,0,neutral
12963,0,neutral
12797,0,protrump
12623,0,neutral
11976,0,neutral
12814,0,protrump
12941,0,protrump
13210,0,antitrump
12514,0,antitrump
12225,0,antitrump
12872,0,neutral
12725,0,antitrump
12251,0,antitrump
12637,0,antitrump
10895,0,antitrump
12344,0,antitrump
12991,0,antitrump
12455,0,antitrump
12159,0,antitrump
12918,0,antitrump
12638,0,antitrump
13194,0,antitrump
11224,0,antitrump
12781,0,neutral
12296,0,antitrump
6826,0,antitrump
12581,0,neutral
13046,0,neutral
11218,0,antitrump
12284,0,antitrump
12584,0,protrump
12412,0,protrump
12501,0,antitrump
10920,0,antitrump
13183,0,protrump
12360,0,neutral
12804,0,antitrump
11317,0,antitrump
13036,0,neutral
12460,0,antitrump
11507,0,protrump
12889,0,antitrump
7022,0,protrump
12419,0,protrump
10970,0,antitrump
13048,0,antitrump
12425,0,protrump
12898,0,protrump
13207,0,protrump
13106,0,protrump
12397,0,protrump
10803,0,antitrump
12156,0,neutral
9852,0,neutral
12380,0,protrump
13099,0,neutral
838,0,antitrump
13076,0,protrump
8007,0,neutral
12669,0,neutral
12610,0,neutral
13156,0,antitrump
12988,0,antitrump
12468,0,antitrump
13045,0,antitrump
12633,0,protrump
13205,0,protrump
11376,0,neutral
12322,0,antitrump
12101,0,antitrump
12764,0,antitrump
10643,0,antitrump
12327,0,antitrump
12401,0,antitrump
12548,0,antitrump
12459,0,antitrump
11126,0,antitrump
7980,0,neutral
12624,0,protrump
12607,0,antitrump
12248,0,protrump
13039,0,protrump
11477,0,antitrump
13016,0,antitrump
12392,0,antitrump
12231,0,protrump
13208,0,antitrump
13082,0,antitrump
12551,0,antitrump
8804,0,neutral
12932,0,antitrump
12564,0,antitrump
12943,0,neutral
12236,0,neutral
10681,0,protrump
12205,0,antitrump
11541,0,antitrump
11390,0,neutral
10554,0,neutral
12721,0,protrump
12649,0,protrump
2779,0,antitrump
12099,0,neutral
13024,0,protrump
13058,0,protrump
12290,0,protrump
11270,0,protrump
12227,0,neutral
12717,0,neutral
12349,0,antitrump
12755,0,antitrump
12256,0,protrump
12613,0,neutral
12536,0,antitrump
13198,0,protrump
10610,0,antitrump
13159,0,antitrump
12949,0,protrump
12587,0,protrump
12240,0,antitrump
12661,0,neutral
12482,0,antitrump
10265,0,antitrump
2985,0,antitrump
13087,0,neutral
12317,0,neutral
1105,0,antitrump
12576,0,antitrump
12714,0,protrump
12927,0,protrump
12891,0,antitrump
12417,0,antitrump
12376,0,protrump
12745,0,protrump
12902,0,antitrump
12295,0,protrump
12371,0,protrump
12964,0,protrump
12595,0,neutral
12481,0,protrump
12982,0,antitrump
12359,0,antitrump
12630,0,antitrump
12388,0,protrump
12427,0,protrump
13162,0,protrump
10862,0,antitrump
12776,0,protrump
10601,0,neutral
12666,0,neutral
13135,0,antitrump
11818,0,neutral
12438,0,antitrump
11231,0,antitrump
12602,0,protrump
12767,0,antitrump
12333,0,antitrump
12786,0,antitrump
12316,0,antitrump
12266,0,antitrump
12269,0,antitrump
12847,0,protrump
12979,0,antitrump
12147,0,antitrump
12274,0,antitrump
12404,0,antitrump
12667,0,antitrump
12977,0,protrump
12416,0,antitrump
12426,0,antitrump
12707,0,neutral
11768,0,protrump
12705,0,neutral
12362,0,antitrump
12787,0,antitrump
12736,0,antitrump
12900,0,antitrump
7618,0,antitrump
13109,0,antitrump
10759,0,antitrump
13123,0,protrump
12665,0,antitrump
12743,0,antitrump
13012,0,antitrump
12856,0,antitrump
11881,0,antitrump
8964,0,antitrump
13180,0,antitrump
12472,0,protrump
13089,0,antitrump
12980,0,antitrump
12217,0,antitrump
12850,0,antitrump
12679,0,antitrump
12234,0,antitrump
12235,0,protrump
1154,0,antitrump
12558,0,antitrump
11208,0,antitrump
12552,0,antitrump
12276,0,antitrump
12509,0,antitrump
12500,0,antitrump
12510,0,antitrump
12594,0,antitrump
12954,0,antitrump
12519,0,antitrump
13175,0,antitrump
13136,0,antitrump
12798,0,antitrump
12255,0,antitrump
12800,0,antitrump
13041,0,antitrump
12511,0,antitrump
12421,0,protrump
12423,0,antitrump
12983,0,antitrump
12352,0,antitrump
12676,0,antitrump
12653,0,antitrump
12752,0,antitrump
12929,0,protrump
12829,0,antitrump
12836,0,antitrump
12357,0,antitrump
12483,0,antitrump
12688,0,neutral
12827,0,antitrump
12896,0,neutral
9147,0,neutral
12643,0,protrump
12369,0,neutral
13098,0,neutral
11344,0,protrump
10560,0,neutral
12597,0,protrump
12926,0,protrump
13023,0,protrump
3723,0,antitrump
12582,0,antitrump
12246,0,antitrump
12260,0,antitrump
13191,0,antitrump
11757,0,neutral
13031,0,antitrump
12616,0,antitrump
12710,0,antitrump
13148,0,antitrump
2782,0,antitrump
12819,0,protrump
10720,0,antitrump
12763,0,antitrump
12532,0,antitrump
12219,0,neutral
10298,0,antitrump
12790,0,protrump
12313,0,protrump
12415,0,neutral
12391,0,antitrump
12458,0,antitrump
849,0,antitrump
11108,0,antitrump
13062,0,neutral
12762,0,antitrump
13125,0,antitrump
10692,0,antitrump
13127,0,antitrump
12617,0,protrump
11284,0,neutral
12691,0,antitrump
12634,0,protrump
11765,0,protrump
13100,0,neutral
12627,0,protrump
12604,0,antitrump
12506,0,antitrump
13167,0,neutral
12323,0,neutral
12978,0,antitrump
12287,0,antitrump
13047,0,protrump
12474,0,antitrump
12859,0,antitrump
7206,0,antitrump
12336,0,protrump
11713,0,neutral
12748,0,protrump
12407,0,antitrump
12974,0,protrump
12413,0,neutral
12740,0,antitrump
11338,0,antitrump
12931,0,antitrump
13134,0,neutral
11898,0,protrump
1384,0,antitrump
10817,0,antitrump
12318,0,neutral
12338,0,antitrump
12619,0,protrump
12487,0,neutral
12278,0,protrump
12575,0,antitrump
12935,0,antitrump
13206,0,antitrump
10473,0,antitrump
12625,0,antitrump
11677,0,antitrump
12475,0,protrump
12312,0,antitrump
12275,0,protrump
12675,0,protrump
12662,0,antitrump
13108,0,antitrump
12562,0,antitrump
12345,0,antitrump
12443,0,antitrump
10527,0,antitrump
12996,0,protrump
13017,0,antitrump
12448,0,antitrump
12538,0,protrump
6892,0,antitrump
3378,0,neutral
12947,0,antitrump
12334,0,protrump
2231,0,protrump
12801,0,protrump
11979,0,protrump
12971,0,protrump
11865,0,neutral
12905,0,antitrump
7455,0,antitrump
13054,0,antitrump
12693,0,neutral
12340,0,neutral
12906,0,antitrump
12498,0,antitrump
12766,0,protrump
12540,0,neutral
12432,0,protrump
12925,0,neutral
12544,0,neutral
12504,0,protrump
13197,0,antitrump
13075,0,neutral
12888,0,protrump
12537,0,antitrump
10732,0,antitrump
12761,0,antitrump
12942,0,antitrump
11232,0,antitrump
13200,0,antitrump
4194,0,antitrump
12228,0,protrump
11216,0,antitrump
12463,0,antitrump
12956,0,antitrump
13094,0,antitrump
12478,0,protrump
12373,0,antitrump
11085,0,antitrump
13129,0,antitrump
13161,0,protrump
10369,0,protrump
2392,0,neutral
13034,0,protrump
12471,0,antitrump
12365,0,antitrump
12549,0,antitrump
12216,0,protrump
13063,0,protrump
12441,0,neutral
13044,0,antitrump
12972,0,protrump
12642,0,antitrump
12648,0,protrump
12784,0,antitrump
12015,0,antitrump
12517,0,neutral
12374,0,neutral
12242,0,antitrump
12951,0,antitrump
12442,0,protrump
12958,0,antitrump
12258,0,antitrump
12959,0,antitrump
10450,0,protrump
12715,0,antitrump
11912,0,neutral
11989,0,protrump
12673,0,antitrump
12291,0,neutral
12370,0,protrump
12310,0,neutral
12854,0,antitrump
12559,0,antitrump
12860,0,protrump
12657,0,antitrump
12823,0,protrump
12490,0,neutral
12703,0,protrump
12238,0,protrump
12674,0,protrump
12375,0,antitrump
4524,0,protrump
13195,0,protrump
12910,0,antitrump
13155,0,protrump
12414,0,neutral
762,0,neutral
731,0,neutral
12835,0,antitrump
12879,0,antitrump
11754,0,antitrump
12936,0,neutral
12550,0,neutral
12962,0,neutral
11986,0,antitrump
13173,0,protrump
10364,0,protrump
12934,0,antitrump
13186,0,protrump
13008,0,antitrump
13203,0,neutral
12871,0,antitrump
12995,0,protrump
4991,0,antitrump
10983,0,antitrump
12622,0,neutral
12901,0,antitrump
12348,0,protrump
13061,0,antitrump
12938,0,antitrump
12596,0,neutral
12267,0,antitrump
12283,0,antitrump
12695,0,antitrump
13181,0,neutral
12967,0,antitrump
12811,0,protrump
12719,0,neutral
12405,0,antitrump
13204,0,antitrump
12527,0,antitrump
12439,0,antitrump
12747,0,antitrump
12832,0,antitrump
4644,0,antitrump
13093,0,antitrump
1344,0,neutral
12569,0,antitrump
11676,0,neutral
12865,0,antitrump
12279,0,antitrump
12914,0,antitrump
12502,0,antitrump
13085,0,protrump
12281,0,protrump
5105,0,antitrump
11587,0,antitrump
12503,0,antitrump
12841,0,antitrump
12760,0,protrump
12403,0,neutral
12668,0,protrump
12241,0,antitrump
12692,0,protrump
12893,0,protrump
12264,0,antitrump
12565,0,antitrump
12434,0,antitrump
13083,0,protrump
10441,0,antitrump
12759,0,protrump
13007,0,protrump
12343,0,protrump
12998,0,protrump
12555,0,antitrump
12812,0,protrump
12524,0,protrump
13035,0,antitrump
12298,0,protrump
13126,0,antitrump
12652,0,antitrump
13020,0,antitrump
12239,0,antitrump
8653,0,neutral
13069,0,antitrump
12446,0,protrump
13149,0,neutral
1131,0,antitrump
12843,0,protrump
13073,0,neutral
12526,0,protrump
12230,0,protrump
12765,0,protrump
12447,0,neutral
12553,0,antitrump
12807,0,antitrump
12247,0,antitrump
12810,0,antitrump
12034,0,antitrump
12635,0,neutral
12815,0,protrump
12603,0,protrump
11977,0,protrump
12598,0,neutral
11850,0,antitrump
11256,0,antitrump
12245,0,neutral
12685,0,protrump
13042,0,neutral
12286,0,protrump
12833,0,antitrump
12496,0,antitrump
12769,0,protrump
12730,0,antitrump
13079,0,antitrump
13151,0,antitrump
12825,0,antitrump
13188,0,antitrump
1121,0,antitrump
12389,0,antitrump
1900,0,protrump
13146,0,protrump
12592,0,antitrump
12773,0,protrump
12831,0,neutral
1351,0,protrump
12515,0,antitrump
12172,0,antitrump
12620,0,antitrump
12449,0,antitrump
12585,0,protrump
12422,0,antitrump
13158,0,antitrump
11822,0,neutral
12788,0,antitrump
13056,0,protrump
11954,0,antitrump
9828,0,antitrump
4041,0,antitrump
13128,0,protrump
12844,0,antitrump
10713,0,antitrump
12531,0,neutral
12424,0,antitrump
11485,0,antitrump
12946,0,neutral
12350,0,protrump
10495,0,antitrump
12886,0,antitrump
12023,0,neutral
12457,0,neutral
13059,0,antitrump
12271,0,protrump
13165,0,neutral
13179,0,antitrump
13067,0,antitrump
13119,0,antitrump
10514,0,neutral
11104,0,neutral
12399,0,neutral
10531,0,protrump
13074,0,antitrump
12232,0,antitrump
9715,0,protrump
12645,0,protrump
12830,0,antitrump
12966,0,protrump
10535,0,neutral
12970,0,protrump
12698,0,protrump
12337,0,protrump
12775,0,neutral
13064,0,protrump
13000,0,protrump
2856,0,neutral
13138,0,neutral
13009,0,neutral
12868,0,antitrump
12314,0,neutral
3551,0,antitrump
12961,0,antitrump
13077,0,protrump
12939,0,antitrump
12968,0,antitrump
11891,0,antitrump
12611,0,protrump
12924,0,antitrump
13215,0,protrump
12842,0,antitrump
12826,0,antitrump
12960,0,antitrump
11679,0,antitrump
13052,0,antitrump
12838,0,antitrump
12651,0,protrump
13214,0,antitrump
13018,0,antitrump
12368,0,antitrump
12770,0,protrump
12289,0,protrump
12546,0,protrump
12452,0,neutral
12837,0,antitrump
12608,0,antitrump
12731,0,neutral
12486,0,protrump
12393,0,antitrump
12680,0,neutral
12789,0,protrump
12818,0,protrump
12535,0,neutral
12543,0,neutral
12885,0,neutral
12723,0,neutral
12428,0,protrump
13032,0,neutral
12940,0,antitrump
12218,0,protrump
13189,0,protrump
12280,0,antitrump
10218,0,neutral
7368,0,antitrump
13105,0,neutral
12494,0,antitrump
12813,0,antitrump
12259,0,antitrump
12319,0,antitrump
12568,0,protrump
13053,0,protrump
12654,0,antitrump
12588,0,antitrump
12641,0,protrump
12385,0,antitrump
13202,0,antitrump
13145,0,protrump
12612,0,neutral
12684,0,protrump
10989,0,protrump
12957,0,antitrump
12571,0,antitrump
12834,0,antitrump
12650,0,antitrump
11123,0,antitrump
12701,0,antitrump
13153,0,antitrump
12771,0,antitrump
12772,0,antitrump
12557,0,protrump
12639,0,neutral
12325,0,antitrump
13131,0,protrump
12863,0,antitrump
12363,0,protrump
12512,0,antitrump
12917,0,antitrump
11424,0,antitrump
12655,0,protrump
12589,0,neutral
12499,0,protrump
12686,0,protrump
12849,0,protrump
12270,0,neutral
12722,0,antitrump
12222,0,antitrump
10409,0,neutral
12410,0,protrump
12396,0,protrump
13115,0,antitrump
12682,0,antitrump
9659,0,antitrump
13122,0,antitrump
12293,0,antitrump
12915,0,antitrump
13157,0,antitrump
12615,0,antitrump
12324,0,antitrump
12660,0,antitrump
12989,0,neutral
12944,0,antitrump
12629,0,antitrump
12920,0,neutral
12354,0,antitrump
12952,0,protrump
5559,0,protrump
13013,0,protrump
12824,0,protrump
12390,0,protrump
13144,0,protrump
12302,0,neutral
13096,0,protrump
12802,0,antitrump
13060,0,neutral
12464,0,antitrump
12737,0,protrump
12689,0,neutral
11142,0,protrump
12347,0,antitrump
12233,0,antitrump
10599,0,antitrump
11268,0,neutral
12566,0,neutral
12556,0,antitrump
13090,0,antitrump
12999,0,antitrump
1324,0,neutral
12994,0,antitrump
12330,0,neutral
12922,0,neutral
13112,0,neutral
12431,0,antitrump
12909,0,antitrump
12579,0,antitrump
12395,0,protrump
12821,0,protrump
13011,0,neutral
12418,0,antitrump
12297,0,protrump
12779,0,antitrump
10793,0,neutral
12997,0,antitrump
12875,0,antitrump
12292,0,neutral
13185,0,protrump
12361,0,antitrump
12304,0,neutral
12265,0,neutral
12732,0,antitrump
12398,0,protrump
12840,0,protrump
11182,0,antitrump
10094,0,antitrump
12299,0,protrump
12305,0,protrump
12794,0,protrump
12311,0,neutral
12539,0,antitrump
12878,0,antitrump
4866,0,antitrump
13163,0,antitrump
12574,0,neutral
12857,0,protrump
12505,0,protrump
12215,0,protrump
12366,0,protrump
10519,0,antitrump
12249,0,protrump
12593,0,protrump
12985,0,protrump
12805,0,antitrump
12792,0,antitrump
13120,0,antitrump
12658,0,protrump
12750,0,antitrump
12578,0,neutral
12713,0,protrump
12746,0,antitrump
12992,0,antitrump
12440,0,protrump
12912,0,antitrump
12697,0,protrump
12626,0,neutral
12351,0,antitrump
12335,0,antitrump
13101,0,antitrump
12744,0,protrump
11212,0,antitrump
12853,0,antitrump
12913,0,antitrump
12969,0,neutral
12307,0,antitrump
12768,0,antitrump
12476,0,antitrump
12243,0,neutral
12867,0,protrump
12411,0,antitrump
12656,0,antitrump
12782,0,protrump
12400,0,antitrump
13117,0,protrump
13190,0,antitrump
12741,0,antitrump
11621,0,antitrump
6085,0,antitrump
13113,0,antitrump
12646,0,antitrump
12315,0,protrump
13033,0,antitrump
12497,0,protrump
12916,0,protrump
12632,0,protrump
12254,0,protrump
12758,0,antitrump
12774,0,neutral
12670,0,antitrump
12435,0,antitrump
8492,0,antitrump
12332,0,neutral
13110,0,antitrump
12659,0,antitrump
11217,0,antitrump
13171,0,protrump
12577,0,neutral
2892,0,antitrump
12321,0,antitrump
12386,0,antitrump
286,0,protrump
12599,0,neutral
12605,0,antitrump
12897,0,protrump
12263,0,antitrump
12817,0,protrump
12288,0,antitrump
12529,0,protrump
12973,0,antitrump
12881,0,antitrump
12845,0,antitrump
12437,0,protrump
12508,0,antitrump
12331,0,protrump
13187,0,antitrump
12907,0,protrump
13071,0,antitrump
12516,0,neutral
13103,0,antitrump
13002,0,protrump
12387,0,protrump
12379,0,antitrump
12560,0,protrump
12866,0,antitrump
12561,0,neutral
12346,0,neutral
12908,0,antitrump
12521,0,antitrump
13051,0,protrump
12513,0,antitrump
13121,0,antitrump
12320,0,antitrump
12953,0,antitrump
13025,0,antitrump
12877,0,antitrump
12567,0,antitrump
770,0,protrump
12451,0,antitrump
12892,0,antitrump
12257,0,antitrump
12358,0,antitrump
13192,0,protrump
10028,0,antitrump
11354,0,antitrump
12708,0,antitrump
12573,0,neutral
12541,0,protrump
12984,0,antitrump
12873,0,neutral
12738,0,neutral
12631,0,antitrump
12640,0,antitrump
12681,0,neutral
12381,0,protrump
13091,0,neutral
12492,0,protrump
13043,0,antitrump
12711,0,antitrump
11057,0,antitrump
12778,0,protrump
12753,0,antitrump
13037,0,antitrump
12883,0,antitrump
12864,0,antitrump
13014,0,antitrump
13029,0,protrump
12224,0,antitrump
12928,0,antitrump
12862,0,antitrump
12799,0,antitrump
12822,0,protrump
12493,0,antitrump
12166,0,neutral
4237,0,antitrump
12261,0,antitrump
1200,0,protrump
12636,0,antitrump
12644,0,antitrump
12237,0,antitrump
6949,0,neutral
13065,0,protrump
11864,0,antitrump
10501,0,antitrump
2286,0,protrump
12033,0,antitrump
11484,0,antitrump
2314,0,neutral
11935,0,neutral
1110,0,neutral
11428,0,antitrump
11187,0,antitrump
11725,0,protrump
11494,0,antitrump
10748,0,antitrump
12158,0,neutral
10586,0,antitrump
12220,0,protrump
12221,0,antitrump
12223,0,antitrump
12226,0,antitrump
12229,0,antitrump
6462,0,protrump
12244,0,antitrump
12250,0,protrump
12252,0,antitrump
12253,0,neutral
12262,0,protrump
12268,0,antitrump
12272,0,protrump
12273,0,antitrump
12277,0,antitrump
12282,0,protrump
12285,0,antitrump
12294,0,antitrump
12300,0,antitrump
12301,0,antitrump
12303,0,antitrump
12306,0,protrump
12308,0,neutral
12309,0,neutral
12326,0,antitrump
12328,0,protrump
12329,0,antitrump
12339,0,antitrump
12341,0,antitrump
12342,0,antitrump
12353,0,antitrump
12355,0,antitrump
12356,0,antitrump
12364,0,antitrump
12367,0,antitrump
12377,0,antitrump
12382,0,antitrump
12383,0,protrump
12384,0,neutral
12402,0,protrump
12406,0,antitrump
12408,0,antitrump
12409,0,antitrump
12420,0,protrump
12429,0,protrump
12433,0,antitrump
12436,0,antitrump
12444,0,protrump
12445,0,protrump
12450,0,antitrump
12453,0,neutral
12454,0,neutral
12456,0,neutral
12461,0,antitrump
12462,0,neutral
12465,0,antitrump
12466,0,antitrump
12467,0,protrump
12469,0,antitrump
12473,0,protrump
12477,0,protrump
12479,0,protrump
12480,0,protrump
12484,0,protrump
12485,0,antitrump
12488,0,antitrump
12489,0,antitrump
12491,0,protrump
12495,0,antitrump
12518,0,antitrump
12520,0,neutral
12522,0,antitrump
12525,0,antitrump
12528,0,antitrump
12530,0,antitrump
12533,0,protrump
12534,0,protrump
12542,0,antitrump
12545,0,antitrump
12547,0,antitrump
11642,0,antitrump
12563,0,antitrump
12570,0,antitrump
12572,0,antitrump
9926,0,protrump
12580,0,antitrump
10809,0,antitrump
12583,0,antitrump
12590,0,antitrump
12591,0,neutral
12600,0,protrump
12601,0,antitrump
12606,0,antitrump
12609,0,antitrump
8994,0,antitrump
12614,0,protrump
12618,0,protrump
12621,0,neutral
12628,0,antitrump
12647,0,protrump
12663,0,protrump
12664,0,protrump
12671,0,antitrump
12672,0,antitrump
12677,0,neutral
12678,0,antitrump
12683,0,protrump
12687,0,neutral
12690,0,antitrump
12694,0,antitrump
4610,0,neutral
12696,0,neutral
12699,0,antitrump
12700,0,antitrump
12702,0,antitrump
12704,0,antitrump
12706,0,antitrump
12709,0,antitrump
12712,0,protrump
12716,0,protrump
12718,0,antitrump
12720,0,antitrump
10076,0,antitrump
12724,0,antitrump
12726,0,protrump
12727,0,neutral
12728,0,neutral
12729,0,protrump
12733,0,protrump
12734,0,antitrump
12735,0,neutral
12739,0,protrump
12742,0,antitrump
12749,0,antitrump
2936,0,protrump
12754,0,antitrump
12756,0,protrump
12757,0,antitrump
12780,0,antitrump
12783,0,antitrump
12785,0,protrump
7138,0,protrump
12791,0,protrump
12793,0,antitrump
12795,0,antitrump
12796,0,antitrump
12803,0,neutral
12806,0,protrump
12809,0,antitrump
12816,0,antitrump
12828,0,antitrump
12839,0,neutral
12846,0,protrump
12848,0,protrump
12851,0,protrump
12852,0,antitrump
12855,0,antitrump
12858,0,antitrump
12869,0,antitrump
12870,0,protrump
12874,0,protrump
12876,0,antitrump
12880,0,protrump
12882,0,antitrump
12884,0,protrump
4727,0,neutral
12890,0,neutral
12894,0,antitrump
10215,0,neutral
12895,0,protrump
12899,0,neutral
12903,0,antitrump
12904,0,protrump
12911,0,antitrump
12919,0,antitrump
12921,0,antitrump
12923,0,antitrump
12930,0,antitrump
12933,0,protrump
12937,0,protrump
12945,0,neutral
12948,0,antitrump
12950,0,neutral
12955,0,antitrump
12965,0,antitrump
12975,0,antitrump
12976,0,antitrump
12981,0,antitrump
12986,0,antitrump
12987,0,antitrump
12990,0,antitrump
12993,0,antitrump
13001,0,protrump
13003,0,antitrump
13004,0,antitrump
13005,0,protrump
13006,0,antitrump
13010,0,protrump
13015,0,neutral
13019,0,antitrump
13021,0,antitrump
13026,0,protrump
13027,0,antitrump
13030,0,antitrump
13038,0,protrump
13040,0,antitrump
13049,0,protrump
13050,0,protrump
13055,0,protrump
13057,0,antitrump
13066,0,protrump
13068,0,neutral
13070,0,antitrump
13078,0,antitrump
13080,0,antitrump
13081,0,antitrump
13084,0,antitrump
13086,0,antitrump
13088,0,antitrump
13092,0,antitrump
13095,0,protrump
13097,0,protrump
13102,0,protrump
13104,0,neutral
13107,0,protrump
13111,0,antitrump
13116,0,antitrump
13118,0,protrump
13124,0,neutral
13130,0,antitrump
13132,0,antitrump
13133,0,antitrump
7444,0,antitrump
13137,0,antitrump
13139,0,protrump
13140,0,neutral
13141,0,protrump
13142,0,antitrump
13143,0,antitrump
13147,0,protrump
13150,0,antitrump
13152,0,antitrump
13154,0,protrump
13160,0,neutral
13164,0,antitrump
13166,0,protrump
13168,0,antitrump
13169,0,antitrump
13170,0,protrump
13174,0,neutral
13176,0,protrump
13177,0,protrump
13178,0,antitrump
13182,0,neutral
13184,0,neutral
13193,0,antitrump
13196,0,antitrump
13199,0,antitrump
13201,0,antitrump
13209,0,protrump
13211,0,antitrump
13212,0,antitrump
12808,1,antitrump
12523,1,neutral
11994,1,antitrump
10940,1,antitrump
11155,1,antitrump
654,1,neutral
7007,1,neutral
12751,1,neutral
917,1,antitrump
12470,1,neutral
12586,1,protrump
11017,1,neutral
12507,1,neutral
11280,1,neutral
11422,1,antitrump
11196,1,neutral
12820,1,antitrump
671,1,antitrump
13114,1,neutral
12963,1,antitrump
12514,1,neutral
12872,1,antitrump
10895,1,antitrump
12991,1,neutral
11224,1,antitrump
12296,1,antitrump
6826,1,antitrump
11218,1,antitrump
12501,1,protrump
10920,1,antitrump
12360,1,protrump
11317,1,antitrump
12889,1,antitrump
10970,1,antitrump
10803,1,antitrump
12156,1,antitrump
13099,1,antitrump
8007,1,neutral
11376,1,antitrump
12101,1,antitrump
12764,1,antitrump
8804,1,neutral
10681,1,neutral
11541,1,antitrump
10554,1,neutral
2779,1,neutral
13024,1,neutral
11270,1,neutral
12613,1,neutral
10610,1,antitrump
12661,1,antitrump
2985,1,antitrump
1105,1,antitrump
12891,1,neutral
12481,1,protrump
12630,1,antitrump
12776,1,protrump
10601,1,neutral
11231,1,antitrump
12705,1,antitrump
13109,1,antitrump
12856,1,antitrump
11881,1,antitrump
1154,1,antitrump
11208,1,neutral
12676,1,antitrump
12643,1,neutral
11344,1,neutral
10560,1,neutral
12582,1,antitrump
13031,1,antitrump
2782,1,antitrump
10720,1,antitrump
12415,1,neutral
12391,1,antitrump
849,1,antitrump
11108,1,antitrump
12762,1,antitrump
10692,1,antitrump
12617,1,neutral
11284,1,neutral
12691,1,antitrump
12634,1,neutral
11765,1,protrump
12287,1,antitrump
11713,1,neutral
11338,1,antitrump
12931,1,protrump
11898,1,protrump
1384,1,antitrump
11677,1,antitrump
12443,1,antitrump
10527,1,antitrump
12996,1,protrump
3378,1,antitrump
12947,1,neutral
12334,1,neutral
2231,1,neutral
11979,1,antitrump
7455,1,antitrump
13054,1,antitrump
12540,1,antitrump
12544,1,neutral
4194,1,antitrump
11216,1,antitrump
11085,1,antitrump
12784,1,antitrump
12517,1,antitrump
11912,1,neutral
12310,1,antitrump
12860,1,neutral
731,1,antitrump
11754,1,antitrump
11986,1,antitrump
13203,1,antitrump
12871,1,antitrump
4991,1,antitrump
10983,1,neutral
12832,1,antitrump
11676,1,antitrump
5105,1,antitrump
12034,1,antitrump
11256,1,antitrump
1121,1,antitrump
12172,1,protrump
11822,1,neutral
11954,1,antitrump
4041,1,antitrump
11485,1,antitrump
10495,1,antitrump
13119,1,antitrump
11104,1,neutral
10535,1,neutral
12775,1,neutral
13064,1,neutral
3551,1,antitrump
11891,1,antitrump
11679,1,antitrump
12452,1,neutral
12731,1,antitrump
12218,1,neutral
13145,1,antitrump
10989,1,neutral
11123,1,antitrump
12863,1,neutral
11424,1,antitrump
9659,1,neutral
13013,1,antitrump
10599,1,antitrump
12997,1,antitrump
4866,1,antitrump
13163,1,antitrump
12574,1,neutral
10519,1,antitrump
12578,1,antitrump
12697,1,protrump
12626,1,neutral
11212,1,antitrump
11621,1,antitrump
2892,1,antitrump
12508,1,antitrump
12561,1,protrump
13904,1,antitrump
13374,1,antitrump
13520,1,neutral
13669,1,antitrump
10875,1,antitrump
12063,1,antitrump
13586,1,antitrump
13925,1,antitrump
13609,1,protrump
13570,1,antitrump
13493,1,antitrump
13376,1,antitrump
13928,1,neutral
13617,1,neutral
13759,1,neutral
13750,1,antitrump
13399,1,protrump
13809,1,neutral
11043,1,antitrump
13281,1,protrump
13488,1,antitrump
13674,1,protrump
13576,1,neutral
13375,1,neutral
12091,1,neutral
2062,1,protrump
13963,1,antitrump
11623,1,protrump
13502,1,antitrump
11041,1,neutral
8703,1,antitrump
12200,1,protrump
13501,1,antitrump
13319,1,antitrump
4828,1,antitrump
13461,1,antitrump
13867,1,antitrump
13477,1,protrump
13826,1,antitrump
11740,1,neutral
13534,1,antitrump
13713,1,antitrump
12181,1,neutral
13336,1,protrump
13745,1,protrump
13247,1,neutral
13492,1,neutral
13754,1,neutral
6383,1,antitrump
13533,1,antitrump
13936,1,antitrump
13872,1,antitrump
13322,1,neutral
12121,1,neutral
13959,1,protrump
13945,1,antitrump
13620,1,antitrump
13229,1,antitrump
13648,1,antitrump
13354,1,antitrump
2346,1,neutral
13414,1,antitrump
13821,1,antitrump
13338,1,protrump
9351,1,antitrump
11583,1,protrump
13699,1,antitrump
13539,1,antitrump
13239,1,antitrump
13656,1,protrump
10998,1,antitrump
13910,1,protrump
12493,1,antitrump
12045,1,protrump
13568,1,antitrump
13478,1,antitrump
13381,1,antitrump
11074,1,neutral
10062,1,neutral
13340,1,protrump
12166,1,antitrump
13703,1,neutral
13775,1,antitrump
13734,1,antitrump
13884,1,antitrump
12204,1,antitrump
13361,1,neutral
13706,1,antitrump
13665,1,antitrump
13760,1,protrump
11429,1,neutral
13511,1,neutral
13836,1,antitrump
11430,1,antitrump
13557,1,protrump
13788,1,antitrump
13961,1,neutral
12090,1,neutral
11516,1,neutral
13441,1,protrump
13870,1,protrump
13406,1,antitrump
13781,1,antitrump
13389,1,protrump
4237,1,antitrump
13954,1,antitrump
13459,1,antitrump
13440,1,antitrump
11612,1,antitrump
13908,1,antitrump
13255,1,antitrump
6507,1,antitrump
13246,1,antitrump
13688,1,protrump
11814,1,antitrump
6698,1,antitrump
13947,1,antitrump
13335,1,antitrump
152,1,antitrump
11029,1,antitrump
12128,1,antitrump
13794,1,protrump
13817,1,antitrump
11803,1,neutral
13639,1,antitrump
10763,1,neutral
13871,1,antitrump
13277,1,antitrump
11706,1,antitrump
13913,1,antitrump
13852,1,antitrump
13294,1,antitrump
10200,1,antitrump
13731,1,antitrump
12050,1,antitrump
13676,1,antitrump
13649,1,antitrump
12261,1,antitrump
4942,1,antitrump
10888,1,antitrump
11826,1,antitrump
13697,1,antitrump
13401,1,antitrump
13567,1,antitrump
13589,1,protrump
13602,1,antitrump
12188,1,antitrump
13850,1,antitrump
13886,1,antitrump
13560,1,neutral
13544,1,neutral
7324,1,neutral
1200,1,protrump
11374,1,neutral
13864,1,protrump
13757,1,neutral
6475,1,neutral
13601,1,protrump
13942,1,neutral
13348,1,protrump
13835,1,protrump
10795,1,antitrump
13926,1,antitrump
13297,1,antitrump
2810,1,antitrump
1860,1,antitrump
3786,1,antitrump
13556,1,antitrump
1596,1,protrump
13922,1,antitrump
13701,1,antitrump
13280,1,antitrump
13517,1,antitrump
5050,1,antitrump
13753,1,antitrump
13637,1,protrump
13487,1,antitrump
13485,1,protrump
13829,1,neutral
13465,1,antitrump
7332,1,antitrump
5956,1,neutral
13346,1,antitrump
13221,1,neutral
13293,1,protrump
13367,1,protrump
13341,1,antitrump
13933,1,protrump
12144,1,neutral
13675,1,antitrump
13404,1,antitrump
13873,1,protrump
13565,1,antitrump
8973,1,antitrump
851,1,antitrump
13724,1,antitrump
13598,1,protrump
2115,1,antitrump
13712,1,protrump
13371,1,antitrump
7185,1,antitrump
13670,1,antitrump
13667,1,protrump
13948,1,protrump
11848,1,antitrump
13854,1,antitrump
13585,1,neutral
12072,1,neutral
13792,1,protrump
13552,1,neutral
13532,1,neutral
13424,1,antitrump
13270,1,antitrump
13935,1,antitrump
13582,1,antitrump
13644,1,antitrump
13446,1,neutral
13349,1,antitrump
11251,1,protrump
13571,1,protrump
13718,1,protrump
13357,1,protrump
13540,1,protrump
13243,1,protrump
13729,1,protrump
13373,1,protrump
13536,1,neutral
12031,1,antitrump
11982,1,neutral
13767,1,antitrump
13862,1,antitrump
13833,1,antitrump
7339,1,antitrump
13663,1,antitrump
13700,1,antitrump
7424,1,protrump
13358,1,antitrump
10646,1,protrump
2411,1,protrump
13262,1,antitrump
13233,1,antitrump
13524,1,antitrump
13355,1,neutral
13696,1,antitrump
13237,1,antitrump
13509,1,neutral
13628,1,protrump
13428,1,antitrump
13958,1,antitrump
11440,1,neutral
13514,1,neutral
13596,1,antitrump
11362,1,antitrump
11732,1,protrump
13311,1,antitrump
11738,1,antitrump
13350,1,neutral
11159,1,antitrump
13869,1,antitrump
13578,1,protrump
13583,1,antitrump
13564,1,antitrump
13673,1,antitrump
13343,1,protrump
13228,1,protrump
11926,1,protrump
13421,1,neutral
11655,1,antitrump
13240,1,antitrump
13771,1,protrump
13530,1,protrump
13866,1,protrump
13315,1,protrump
13449,1,protrump
13783,1,antitrump
13498,1,antitrump
6580,1,protrump
13691,1,antitrump
13231,1,antitrump
13603,1,antitrump
13896,1,antitrump
6439,1,antitrump
13254,1,antitrump
13595,1,antitrump
11297,1,neutral
10925,1,antitrump
13260,1,antitrump
13290,1,antitrump
13727,1,antitrump
13677,1,neutral
13425,1,antitrump
3001,1,antitrump
13807,1,antitrump
13463,1,protrump
13351,1,neutral
10649,1,antitrump
13417,1,neutral
13235,1,protrump
13965,1,antitrump
13608,1,antitrump
13513,1,antitrump
13875,1,antitrump
13473,1,antitrump
13275,1,neutral
7036,1,antitrump
13491,1,protrump
13309,1,neutral
13604,1,antitrump
13426,1,protrump
13434,1,protrump
13946,1,antitrump
13686,1,neutral
13834,1,antitrump
13227,1,antitrump
13625,1,antitrump
13611,1,neutral
13964,1,protrump
13898,1,neutral
13320,1,protrump
13634,1,neutral
13815,1,protrump
13733,1,protrump
13226,1,neutral
13497,1,antitrump
13907,1,antitrump
13372,1,antitrump
13368,1,protrump
13333,1,antitrump
11717,1,antitrump
13930,1,antitrump
13830,1,antitrump
11444,1,antitrump
13223,1,antitrump
13672,1,protrump
13366,1,protrump
13791,1,protrump
13455,1,antitrump
13939,1,protrump
13431,1,neutral
11812,1,antitrump
13832,1,antitrump
13551,1,protrump
13762,1,antitrump
13249,1,protrump
13519,1,neutral
13844,1,neutral
13444,1,antitrump
13263,1,protrump
13940,1,protrump
13252,1,neutral
13786,1,antitrump
13298,1,protrump
13606,1,antitrump
12636,1,antitrump
10563,1,antitrump
13632,1,antitrump
11473,1,antitrump
13330,1,antitrump
13825,1,neutral
13851,1,antitrump
13288,1,antitrump
13402,1,antitrump
13416,1,protrump
13865,1,antitrump
13347,1,antitrump
13538,1,neutral
7049,1,protrump
1488,1,antitrump
13741,1,antitrump
13627,1,protrump
13810,1,antitrump
13436,1,antitrump
13802,1,antitrump
13599,1,antitrump
13470,1,protrump
13419,1,antitrump
13779,1,antitrump
11563,1,antitrump
13744,1,antitrump
13284,1,antitrump
4879,1,antitrump
13906,1,antitrump
13432,1,neutral
13365,1,antitrump
13264,1,antitrump
13748,1,antitrump
13929,1,antitrump
13680,1,neutral
13391,1,protrump
13838,1,protrump
5096,1,antitrump
13510,1,neutral
13439,1,neutral
12644,1,antitrump
11528,1,antitrump
13563,1,antitrump
11558,1,antitrump
13646,1,neutral
13234,1,antitrump
13803,1,protrump
12237,1,antitrump
13388,1,antitrump
6949,1,neutral
13720,1,neutral
13369,1,neutral
13909,1,antitrump
13592,1,protrump
13356,1,protrump
13756,1,protrump
13901,1,antitrump
13065,1,neutral
11864,1,antitrump
13554,1,antitrump
13664,1,antitrump
13640,1,neutral
13329,1,antitrump
13626,1,protrump
13752,1,antitrump
13891,1,antitrump
13495,1,antitrump
11604,1,antitrump
13735,1,protrump
12108,1,antitrump
13629,1,antitrump
13569,1,protrump
13339,1,antitrump
13555,1,neutral
13953,1,antitrump
12069,1,antitrump
13304,1,protrump
13742,1,protrump
13345,1,protrump
13659,1,antitrump
13622,1,protrump
13591,1,antitrump
12001,1,neutral
13429,1,antitrump
13893,1,protrump
13800,1,protrump
11439,1,neutral
13512,1,antitrump
13924,1,antitrump
13295,1,protrump
13261,1,protrump
11329,1,protrump
13316,1,neutral
13607,1,neutral
13857,1,antitrump
13427,1,protrump
13499,1,antitrump
11784,1,antitrump
11273,1,neutral
13307,1,antitrump
13624,1,antitrump
10766,1,neutral
13363,1,antitrump
11593,1,neutral
13483,1,antitrump
13325,1,antitrump
13344,1,antitrump
13577,1,antitrump
13801,1,antitrump
13684,1,antitrump
13377,1,antitrump
11934,1,antitrump
13516,1,protrump
2853,1,protrump
7256,1,antitrump
13337,1,antitrump
10220,1,antitrump
13370,1,antitrump
13448,1,antitrump
13504,1,neutral
13749,1,antitrump
7129,1,protrump
13666,1,neutral
13220,1,antitrump
13763,1,antitrump
13912,1,protrump
13842,1,antitrump
13566,1,antitrump
13610,1,antitrump
13889,1,antitrump
11334,1,antitrump
13392,1,neutral
13378,1,neutral
13858,1,antitrump
13888,1,protrump
13853,1,neutral
13359,1,antitrump
13797,1,antitrump
13915,1,antitrump
12103,1,neutral
11687,1,neutral
13704,1,antitrump
13827,1,antitrump
12017,1,neutral
13957,1,antitrump
3330,1,neutral
13437,1,protrump
13708,1,antitrump
13916,1,protrump
13715,1,antitrump
13903,1,antitrump
2738,1,protrump
13471,1,protrump
13682,1,neutral
13683,1,antitrump
13931,1,protrump
12134,1,antitrump
13403,1,antitrump
11543,1,antitrump
13397,1,antitrump
13722,1,antitrump
13430,1,antitrump
13633,1,antitrump
13244,1,neutral
13587,1,protrump
13707,1,neutral
10501,1,antitrump
3682,1,antitrump
13433,1,antitrump
13860,1,antitrump
11450,1,antitrump
13454,1,protrump
13613,1,neutral
13612,1,antitrump
13475,1,protrump
13885,1,antitrump
13914,1,protrump
2286,1,protrump
13658,1,protrump
13452,1,antitrump
13805,1,protrump
13451,1,antitrump
13881,1,protrump
13751,1,protrump
13868,1,antitrump
13405,1,antitrump
13709,1,antitrump
13615,1,neutral
13306,1,protrump
13457,1,antitrump
13312,1,protrump
13573,1,neutral
13283,1,protrump
13518,1,neutral
13790,1,neutral
13271,1,protrump
13450,1,neutral
13412,1,antitrump
13710,1,protrump
13932,1,protrump
13541,1,antitrump
13780,1,protrump
13285,1,neutral
13447,1,antitrump
13248,1,antitrump
13828,1,antitrump
13505,1,antitrump
13407,1,antitrump
13905,1,antitrump
13816,1,protrump
13574,1,protrump
13423,1,antitrump
13597,1,antitrump
13859,1,antitrump
13398,1,antitrump
13342,1,protrump
13469,1,protrump
3801,1,protrump
13420,1,antitrump
13250,1,protrump
13531,1,protrump
13823,1,antitrump
13882,1,antitrump
10717,1,neutral
13467,1,antitrump
13301,1,antitrump
13919,1,protrump
13265,1,neutral
7441,1,neutral
13236,1,antitrump
13282,1,protrump
13934,1,antitrump
13413,1,antitrump
13542,1,neutral
1887,1,antitrump
13561,1,antitrump
13824,1,antitrump
13267,1,antitrump
11420,1,neutral
13855,1,protrump
13798,1,protrump
13725,1,neutral
13764,1,antitrump
13287,1,protrump
8612,1,protrump
13653,1,neutral
13245,1,protrump
13521,1,protrump
4684,1,protrump
13641,1,neutral
13795,1,antitrump
11207,1,neutral
13482,1,antitrump
13410,1,protrump
13558,1,antitrump
13384,1,protrump
13818,1,protrump
13364,1,antitrump
11599,1,antitrump
13702,1,antitrump
11279,1,neutral
13480,1,protrump
11372,1,protrump
11066,1,antitrump
6593,1,neutral
11618,1,antitrump
11884,1,antitrump
11504,1,antitrump
12011,1,protrump
11921,1,antitrump
11589,1,antitrump
4955,1,antitrump
11484,1,antitrump
11550,1,antitrump
11411,1,antitrump
11548,1,antitrump
11962,1,antitrump
11852,1,antitrump
1110,1,antitrump
11847,1,antitrump
11711,1,neutral
11807,1,neutral
11481,1,antitrump
11494,1,antitrump
13766,1,antitrump
13848,1,antitrump
13217,1,antitrump
10751,1,neutral
10561,1,protrump
3861,1,antitrump
11018,1,protrump
12456,1,antitrump
12621,1,antitrump
7138,1,protrump
13143,1,protrump
12214,1,antitrump
13216,1,antitrump
13218,1,antitrump
13219,1,antitrump
13222,1,neutral
13224,1,neutral
13225,1,antitrump
13230,1,antitrump
13232,1,protrump
13238,1,antitrump
13241,1,antitrump
13242,1,antitrump
71,1,antitrump
13251,1,antitrump
13253,1,protrump
13256,1,antitrump
13257,1,antitrump
11396,1,antitrump
13258,1,antitrump
13259,1,antitrump
13266,1,antitrump
13268,1,protrump
13269,1,antitrump
13272,1,antitrump
13273,1,antitrump
13274,1,neutral
13276,1,antitrump
13278,1,antitrump
13279,1,antitrump
13286,1,protrump
13289,1,antitrump
13291,1,neutral
13292,1,protrump
13296,1,neutral
13299,1,antitrump
13300,1,protrump
13302,1,antitrump
13303,1,antitrump
13305,1,antitrump
13308,1,antitrump
13310,1,neutral
13313,1,antitrump
13314,1,antitrump
13317,1,antitrump
13318,1,antitrump
13321,1,protrump
13323,1,antitrump
13324,1,protrump
13326,1,protrump
13327,1,antitrump
13328,1,antitrump
13331,1,protrump
13332,1,antitrump
13334,1,antitrump
13352,1,antitrump
13353,1,antitrump
11508,1,antitrump
13360,1,antitrump
13362,1,antitrump
13379,1,antitrump
13380,1,neutral
13382,1,antitrump
13383,1,protrump
13385,1,antitrump
13386,1,antitrump
13387,1,protrump
13390,1,protrump
13393,1,neutral
13394,1,protrump
13395,1,protrump
13396,1,antitrump
13400,1,protrump
13408,1,antitrump
13409,1,antitrump
13411,1,antitrump
13415,1,antitrump
13418,1,antitrump
13422,1,antitrump
4447,1,neutral
13435,1,protrump
13438,1,protrump
13442,1,protrump
13443,1,antitrump
13445,1,antitrump
13453,1,neutral
13456,1,protrump
13458,1,antitrump
13460,1,protrump
13462,1,protrump
13464,1,antitrump
13466,1,antitrump
13468,1,protrump
13472,1,protrump
13474,1,antitrump
13476,1,antitrump
13479,1,antitrump
13481,1,antitrump
13484,1,antitrump
13486,1,antitrump
13489,1,neutral
13490,1,neutral
13494,1,antitrump
13496,1,antitrump
13500,1,protrump
13503,1,protrump
13506,1,antitrump
13507,1,antitrump
13508,1,protrump
13515,1,protrump
13522,1,antitrump
13523,1,antitrump
13525,1,protrump
13526,1,protrump
13527,1,protrump
13528,1,antitrump
13529,1,protrump
13535,1,protrump
13537,1,neutral
13543,1,antitrump
13545,1,antitrump
13546,1,protrump
13547,1,antitrump
13548,1,antitrump
13549,1,antitrump
13550,1,antitrump
13553,1,protrump
13559,1,antitrump
13562,1,protrump
13572,1,antitrump
13575,1,protrump
13579,1,antitrump
13580,1,antitrump
13581,1,antitrump
13584,1,protrump
13588,1,antitrump
13590,1,antitrump
13593,1,antitrump
13594,1,protrump
13600,1,antitrump
13605,1,antitrump
13614,1,antitrump
13616,1,protrump
13618,1,antitrump
13619,1,antitrump
13621,1,antitrump
10057,1,antitrump
13623,1,protrump
13630,1,antitrump
13631,1,protrump
13635,1,neutral
13636,1,antitrump
13638,1,antitrump
13642,1,antitrump
13643,1,antitrump
13645,1,antitrump
13647,1,protrump
13650,1,antitrump
13651,1,protrump
13652,1,antitrump
13654,1,antitrump
13655,1,neutral
13657,1,antitrump
13660,1,antitrump
13661,1,antitrump
3896,1,antitrump
13662,1,antitrump
13668,1,neutral
13671,1,antitrump
13678,1,protrump
13679,1,antitrump
13681,1,antitrump
13685,1,antitrump
13687,1,antitrump
13689,1,neutral
13690,1,protrump
13692,1,protrump
13693,1,protrump
13694,1,protrump
13695,1,protrump
7181,1,neutral
13698,1,antitrump
13705,1,protrump
13711,1,antitrump
13714,1,antitrump
13716,1,antitrump
13717,1,antitrump
13719,1,antitrump
13721,1,neutral
13723,1,antitrump
13726,1,protrump
13728,1,antitrump
13730,1,antitrump
13732,1,protrump
13736,1,antitrump
13737,1,antitrump
13738,1,antitrump
13739,1,protrump
13740,1,antitrump
13743,1,protrump
13746,1,protrump
13747,1,protrump
13755,1,protrump
13758,1,protrump
13761,1,protrump
13765,1,antitrump
13768,1,antitrump
13769,1,protrump
13770,1,protrump
13772,1,antitrump
13773,1,neutral
13774,1,protrump
13776,1,antitrump
13777,1,protrump
13778,1,antitrump
11116,1,antitrump
13782,1,protrump
13784,1,antitrump
13785,1,protrump
13787,1,protrump
13789,1,neutral
12000,1,antitrump
13793,1,antitrump
4054,1,protrump
13796,1,antitrump
13799,1,neutral
7308,1,antitrump
13804,1,protrump
13806,1,antitrump
13808,1,protrump
13811,1,antitrump
13812,1,antitrump
13813,1,antitrump
13814,1,protrump
4826,1,antitrump
12030,1,neutral
13819,1,protrump
13820,1,antitrump
13822,1,neutral
13831,1,antitrump
7337,1,antitrump
13837,1,antitrump
13839,1,antitrump
13840,1,antitrump
13841,1,antitrump
13843,1,antitrump
13845,1,antitrump
13846,1,antitrump
13847,1,antitrump
13849,1,antitrump
13856,1,antitrump
12067,1,antitrump
13861,1,protrump
13863,1,protrump
13874,1,antitrump
7387,1,antitrump
13876,1,neutral
13877,1,antitrump
13878,1,antitrump
13879,1,antitrump
13880,1,antitrump
13883,1,antitrump
13887,1,antitrump
13890,1,neutral
13892,1,antitrump
13894,1,protrump
13895,1,antitrump
13897,1,protrump
13899,1,antitrump
13900,1,protrump
13902,1,antitrump
12137,1,antitrump
13911,1,protrump
13917,1,protrump
13918,1,protrump
13920,1,antitrump
13921,1,antitrump
13923,1,antitrump
13927,1,antitrump
13937,1,protrump
13938,1,antitrump
13941,1,antitrump
13943,1,antitrump
13944,1,protrump
13949,1,antitrump
13950,1,antitrump
13951,1,antitrump
13952,1,antitrump
13955,1,protrump
13956,1,protrump
13960,1,antitrump
13962,1,antitrump
11647,2,antitrump
11994,2,antitrump
10940,2,antitrump
11155,2,neutral
654,2,neutral
7007,2,neutral
917,2,antitrump
11017,2,neutral
11280,2,neutral
11422,2,neutral
11196,2,neutral
11792,2,neutral
671,2,antitrump
11506,2,antitrump
11889,2,neutral
11976,2,antitrump
10895,2,antitrump
12159,2,protrump
11224,2,antitrump
6826,2,antitrump
10920,2,antitrump
11317,2,antitrump
11507,2,protrump
10970,2,antitrump
10803,2,antitrump
12156,2,antitrump
838,2,antitrump
11376,2,antitrump
12101,2,antitrump
10643,2,antitrump
11126,2,antitrump
11477,2,neutral
8804,2,antitrump
10681,2,neutral
12205,2,antitrump
11541,2,antitrump
11390,2,antitrump
10554,2,protrump
2779,2,neutral
12099,2,antitrump
11270,2,neutral
10610,2,antitrump
10265,2,antitrump
2985,2,antitrump
10862,2,antitrump
10601,2,protrump
11818,2,neutral
11231,2,antitrump
12147,2,antitrump
11768,2,protrump
7618,2,antitrump
10759,2,antitrump
11881,2,antitrump
1154,2,antitrump
11208,2,antitrump
9147,2,antitrump
11344,2,neutral
10560,2,neutral
11757,2,neutral
2782,2,antitrump
10720,2,antitrump
849,2,antitrump
11108,2,antitrump
11284,2,neutral
11765,2,protrump
11713,2,neutral
11338,2,antitrump
11898,2,protrump
1384,2,antitrump
10473,2,antitrump
11677,2,antitrump
10527,2,antitrump
11979,2,protrump
11865,2,antitrump
7455,2,antitrump
4194,2,antitrump
11216,2,antitrump
11085,2,antitrump
12015,2,antitrump
11912,2,antitrump
11989,2,antitrump
762,2,neutral
731,2,neutral
11754,2,antitrump
11986,2,antitrump
10983,2,antitrump
11676,2,neutral
5105,2,antitrump
11587,2,antitrump
12034,2,antitrump
11977,2,protrump
11850,2,antitrump
11256,2,antitrump
1121,2,antitrump
1900,2,neutral
12172,2,neutral
11822,2,antitrump
11954,2,antitrump
4041,2,antitrump
11485,2,antitrump
10495,2,antitrump
12023,2,antitrump
10514,2,antitrump
11104,2,neutral
10531,2,antitrump
10535,2,antitrump
3551,2,antitrump
11891,2,antitrump
11679,2,neutral
10989,2,neutral
11123,2,antitrump
11424,2,antitrump
10599,2,antitrump
4866,2,antitrump
11212,2,antitrump
11621,2,antitrump
2892,2,antitrump
770,2,antitrump
11354,2,antitrump
10875,2,antitrump
12063,2,protrump
11043,2,antitrump
12091,2,protrump
2062,2,neutral
11623,2,neutral
11041,2,neutral
8703,2,neutral
12200,2,neutral
4828,2,antitrump
11740,2,neutral
12181,2,protrump
12121,2,protrump
2346,2,neutral
11583,2,protrump
10998,2,antitrump
12045,2,protrump
11074,2,neutral
12166,2,antitrump
12204,2,antitrump
11429,2,antitrump
11430,2,antitrump
12090,2,neutral
11516,2,protrump
4237,2,antitrump
11612,2,antitrump
11814,2,antitrump
11029,2,antitrump
12128,2,antitrump
11803,2,antitrump
11706,2,antitrump
12050,2,antitrump
4942,2,antitrump
10888,2,protrump
11826,2,antitrump
12188,2,antitrump
1200,2,protrump
11374,2,neutral
10795,2,protrump
5050,2,antitrump
5956,2,neutral
12144,2,neutral
8973,2,antitrump
2115,2,antitrump
7185,2,antitrump
11848,2,neutral
12072,2,antitrump
11251,2,neutral
12031,2,antitrump
11982,2,antitrump
11440,2,neutral
11362,2,antitrump
11732,2,antitrump
11738,2,protrump
11159,2,antitrump
11926,2,neutral
11655,2,antitrump
6580,2,protrump
10925,2,neutral
10649,2,antitrump
11717,2,antitrump
11444,2,antitrump
11812,2,antitrump
11473,2,neutral
11563,2,antitrump
4879,2,antitrump
5096,2,antitrump
11528,2,antitrump
11558,2,antitrump
11864,2,antitrump
11604,2,antitrump
12108,2,antitrump
12069,2,antitrump
12001,2,antitrump
11439,2,neutral
11329,2,neutral
11784,2,antitrump
10766,2,neutral
11593,2,antitrump
11934,2,antitrump
2853,2,neutral
12103,2,protrump
11687,2,antitrump
12017,2,neutral
12134,2,antitrump
11543,2,antitrump
10501,2,antitrump
3682,2,neutral
11450,2,neutral
10717,2,antitrump
11420,2,protrump
11599,2,antitrump
12187,2,antitrump
11648,2,antitrump
11409,2,antitrump
11471,2,neutral
11786,2,antitrump
11542,2,protrump
11189,2,neutral
12080,2,neutral
11964,2,protrump
11171,2,antitrump
12208,2,antitrump
11685,2,protrump
1451,2,neutral
11681,2,neutral
11671,2,antitrump
11603,2,protrump
4910,2,neutral
11545,2,antitrump
11448,2,neutral
11169,2,antitrump
12168,2,antitrump
9525,2,neutral
11372,2,neutral
11066,2,antitrump
11638,2,protrump
2424,2,protrump
11397,2,protrump
5062,2,neutral
11514,2,neutral
10742,2,antitrump
11489,2,protrump
12085,2,neutral
11395,2,antitrump
10789,2,neutral
11600,2,protrump
11556,2,antitrump
11730,2,antitrump
11925,2,antitrump
11433,2,protrump
10819,2,neutral
12096,2,protrump
10482,2,protrump
11403,2,neutral
8785,2,antitrump
11790,2,protrump
11445,2,antitrump
11634,2,antitrump
6506,2,neutral
11404,2,protrump
11358,2,antitrump
6731,2,antitrump
11553,2,antitrump
11367,2,antitrump
11857,2,protrump
11764,2,protrump
11517,2,protrump
12194,2,antitrump
11547,2,antitrump
11594,2,antitrump
11579,2,antitrump
8456,2,antitrump
12089,2,antitrump
11459,2,antitrump
365,2,neutral
11675,2,antitrump
12116,2,protrump
11927,2,antitrump
11801,2,antitrump
11363,2,protrump
8781,2,antitrump
11416,2,antitrump
11839,2,antitrump
12139,2,antitrump
6593,2,neutral
11377,2,protrump
11451,2,antitrump
11702,2,neutral
602,2,neutral
12212,2,neutral
11909,2,antitrump
11384,2,neutral
11853,2,protrump
12113,2,protrump
11870,2,antitrump
11625,2,protrump
11538,2,protrump
11985,2,antitrump
12196,2,antitrump
9882,2,antitrump
10966,2,antitrump
11653,2,neutral
11868,2,protrump
11747,2,antitrump
11841,2,antitrump
11662,2,neutral
11382,2,antitrump
8023,2,protrump
12020,2,protrump
12126,2,antitrump
12097,2,protrump
11688,2,antitrump
11742,2,antitrump
3269,2,antitrump
10634,2,protrump
11783,2,protrump
11341,2,antitrump
11617,2,antitrump
2963,2,antitrump
1708,2,neutral
12125,2,protrump
12076,2,protrump
11968,2,antitrump
11751,2,protrump
11856,2,neutral
12035,2,antitrump
12051,2,antitrump
11797,2,antitrump
11798,2,protrump
11878,2,antitrump
11505,2,neutral
11908,2,neutral
12087,2,antitrump
11058,2,neutral
11668,2,neutral
11585,2,antitrump
11928,2,antitrump
11339,2,antitrump
11575,2,protrump
11401,2,antitrump
11530,2,antitrump
11646,2,antitrump
11819,2,protrump
11536,2,neutral
12064,2,antitrump
11407,2,neutral
12039,2,neutral
11388,2,antitrump
11930,2,antitrump
11383,2,antitrump
11663,2,antitrump
12192,2,antitrump
11804,2,antitrump
12016,2,antitrump
12140,2,antitrump
11495,2,protrump
11413,2,neutral
12123,2,antitrump
11373,2,protrump
11432,2,antitrump
11361,2,neutral
11626,2,protrump
11427,2,antitrump
12135,2,antitrump
12155,2,antitrump
2918,2,antitrump
12191,2,antitrump
12120,2,antitrump
11364,2,antitrump
11527,2,antitrump
11966,2,antitrump
12024,2,protrump
11385,2,antitrump
11897,2,antitrump
12078,2,antitrump
11957,2,protrump
12054,2,protrump
11811,2,protrump
11622,2,protrump
11892,2,protrump
12150,2,neutral
11360,2,antitrump
11849,2,antitrump
11703,2,neutral
11618,2,antitrump
11884,2,antitrump
11620,2,protrump
11959,2,antitrump
11608,2,antitrump
11929,2,antitrump
11461,2,antitrump
12100,2,neutral
6175,2,antitrump
11992,2,protrump
11457,2,antitrump
11971,2,antitrump
11405,2,antitrump
8168,2,antitrump
11605,2,antitrump
11504,2,antitrump
11465,2,antitrump
11756,2,antitrump
12136,2,neutral
11691,2,protrump
11454,2,neutral
3283,2,antitrump
11476,2,antitrump
11419,2,antitrump
11532,2,antitrump
11392,2,antitrump
12011,2,antitrump
6446,2,neutral
10747,2,antitrump
11678,2,antitrump
11845,2,antitrump
11802,2,neutral
958,2,protrump
12129,2,protrump
12105,2,protrump
11524,2,protrump
11871,2,antitrump
11967,2,antitrump
12175,2,antitrump
12111,2,protrump
12167,2,antitrump
11365,2,antitrump
11921,2,antitrump
11890,2,antitrump
11998,2,neutral
11379,2,antitrump
11518,2,neutral
11366,2,antitrump
12177,2,antitrump
11869,2,antitrump
11302,2,neutral
11616,2,antitrump
12033,2,antitrump
12066,2,antitrump
12005,2,antitrump
11716,2,protrump
12112,2,neutral
11539,2,antitrump
11726,2,antitrump
3242,2,antitrump
11589,2,antitrump
11345,2,protrump
11580,2,protrump
11482,2,protrump
11515,2,antitrump
12127,2,antitrump
11980,2,protrump
11974,2,antitrump
1111,2,antitrump
11815,2,antitrump
11581,2,antitrump
12142,2,antitrump
12202,2,antitrump
2600,2,antitrump
11512,2,neutral
11972,2,neutral
6680,2,antitrump
11824,2,antitrump
11696,2,antitrump
11561,2,antitrump
3159,2,protrump
11846,2,protrump
12047,2,protrump
11346,2,protrump
11758,2,antitrump
11443,2,protrump
173,2,neutral
11497,2,antitrump
11438,2,protrump
4955,2,antitrump
11628,2,antitrump
11479,2,antitrump
11491,2,antitrump
11611,2,protrump
12026,2,antitrump
11883,2,antitrump
11487,2,protrump
11456,2,neutral
373,2,antitrump
11787,2,antitrump
12049,2,protrump
11492,2,antitrump
11666,2,antitrump
11474,2,antitrump
9274,2,neutral
11937,2,neutral
11463,2,antitrump
11533,2,antitrump
11667,2,neutral
11399,2,neutral
11484,2,antitrump
11796,2,antitrump
11813,2,antitrump
12173,2,antitrump
11425,2,antitrump
11744,2,antitrump
12170,2,antitrump
11511,2,antitrump
11741,2,protrump
11694,2,neutral
12145,2,protrump
11551,2,neutral
11343,2,neutral
11555,2,antitrump
11415,2,neutral
11306,2,antitrump
11963,2,antitrump
10993,2,antitrump
6190,2,antitrump
11519,2,antitrump
11550,2,antitrump
11844,2,antitrump
11978,2,antitrump
10651,2,antitrump
8904,2,antitrump
3887,2,neutral
11673,2,protrump
11466,2,protrump
2651,2,antitrump
12110,2,antitrump
11941,2,protrump
11522,2,protrump
11601,2,antitrump
11875,2,neutral
11351,2,neutral
11700,2,protrump
8679,2,antitrump
11359,2,antitrump
11953,2,antitrump
11781,2,protrump
11614,2,neutral
11643,2,antitrump
12141,2,antitrump
11778,2,protrump
11414,2,antitrump
2284,2,neutral
5235,2,antitrump
11565,2,antitrump
11705,2,antitrump
2408,2,neutral
11996,2,neutral
11932,2,protrump
11368,2,neutral
11907,2,antitrump
11936,2,antitrump
11411,2,antitrump
11467,2,antitrump
11933,2,antitrump
11502,2,antitrump
11661,2,protrump
12081,2,protrump
12058,2,antitrump
11987,2,antitrump
12201,2,antitrump
10604,2,antitrump
2314,2,antitrump
11715,2,antitrump
12171,2,antitrump
11983,2,neutral
11999,2,antitrump
11640,2,neutral
12213,2,neutral
11353,2,antitrump
11799,2,antitrump
11991,2,neutral
11709,2,protrump
1427,2,neutral
12009,2,protrump
11762,2,antitrump
11607,2,antitrump
11529,2,antitrump
11569,2,protrump
12198,2,antitrump
12036,2,antitrump
11809,2,antitrump
11734,2,protrump
11748,2,antitrump
12207,2,antitrump
11340,2,antitrump
11548,2,antitrump
11760,2,antitrump
11486,2,neutral
11888,2,antitrump
11956,2,antitrump
11644,2,antitrump
11935,2,antitrump
11402,2,neutral
11903,2,protrump
2841,2,antitrump
11650,2,protrump
8174,2,antitrump
11584,2,antitrump
1120,2,neutral
8794,2,antitrump
11421,2,antitrump
11770,2,antitrump
11984,2,antitrump
11674,2,protrump
11780,2,neutral
11939,2,protrump
11349,2,antitrump
11729,2,antitrump
11699,2,protrump
11449,2,protrump
12088,2,antitrump
11602,2,antitrump
11896,2,neutral
11851,2,antitrump
12157,2,neutral
11924,2,protrump
11913,2,antitrump
12057,2,protrump
12209,2,neutral
11988,2,protrump
5670,2,protrump
11938,2,protrump
11613,2,protrump
3321,2,neutral
11488,2,antitrump
12086,2,antitrump
11458,2,antitrump
11862,2,protrump
11447,2,protrump
11962,2,antitrump
11441,2,antitrump
11434,2,antitrump
11947,2,neutral
12178,2,antitrump
11777,2,antitrump
11417,2,antitrump
12041,2,antitrump
11858,2,antitrump
11872,2,antitrump
11665,2,antitrump
11546,2,protrump
12190,2,antitrump
11876,2,protrump
243,2,antitrump
11559,2,antitrump
11906,2,neutral
11381,2,protrump
11993,2,protrump
11944,2,antitrump
11879,2,protrump
11779,2,antitrump
12195,2,antitrump
11981,2,neutral
11510,2,protrump
9349,2,antitrump
12203,2,protrump
11940,2,antitrump
11852,2,antitrump
11571,2,neutral
12115,2,antitrump
11573,2,antitrump
11831,2,protrump
11378,2,antitrump
11736,2,neutral
11537,2,protrump
11774,2,neutral
10730,2,neutral
11369,2,antitrump
11500,2,protrump
11728,2,antitrump
11782,2,neutral
11391,2,protrump
11572,2,antitrump
2118,2,antitrump
11544,2,protrump
11720,2,protrump
11469,2,protrump
1110,2,neutral
12094,2,antitrump
12048,2,antitrump
11523,2,neutral
12065,2,antitrump
12037,2,antitrump
11483,2,antitrump
12095,2,protrump
11793,2,protrump
12082,2,antitrump
11693,2,antitrump
11840,2,neutral
12008,2,antitrump
9230,2,protrump
11942,2,antitrump
11707,2,antitrump
12027,2,protrump
11375,2,protrump
11739,2,antitrump
11847,2,antitrump
12013,2,neutral
11861,2,antitrump
11582,2,antitrump
11810,2,neutral
11649,2,antitrump
2192,2,protrump
11535,2,antitrump
11656,2,neutral
11499,2,protrump
11342,2,protrump
11880,2,protrump
12130,2,antitrump
6629,2,neutral
11684,2,antitrump
12022,2,protrump
12032,2,antitrump
11428,2,antitrump
11452,2,protrump
11735,2,neutral
11348,2,antitrump
11567,2,neutral
11958,2,protrump
11435,2,neutral
11711,2,antitrump
11750,2,neutral
11886,2,protrump
12185,2,protrump
11766,2,antitrump
12118,2,protrump
11513,2,neutral
12062,2,antitrump
11574,2,antitrump
12077,2,protrump
11464,2,neutral
11187,2,antitrump
11923,2,antitrump
11723,2,antitrump
11874,2,antitrump
11904,2,antitrump
11843,2,protrump
11570,2,protrump
11423,2,neutral
11288,2,antitrump
11568,2,antitrump
5544,2,antitrump
11952,2,protrump
11380,2,antitrump
11386,2,neutral
11624,2,antitrump
11838,2,neutral
12163,2,antitrump
11627,2,antitrump
12197,2,protrump
11946,2,antitrump
11759,2,protrump
11552,2,antitrump
12021,2,antitrump
11807,2,neutral
11560,2,antitrump
11823,2,antitrump
6799,2,neutral
11692,2,antitrump
12010,2,neutral
11721,2,antitrump
11887,2,antitrump
11554,2,protrump
12189,2,antitrump
12184,2,protrump
12004,2,antitrump
11877,2,neutral
11651,2,antitrump
12042,2,antitrump
11816,2,protrump
11588,2,antitrump
12148,2,antitrump
11916,2,antitrump
11745,2,protrump
7006,2,neutral
11788,2,neutral
4317,2,neutral
11769,2,neutral
11773,2,neutral
11725,2,protrump
11669,2,protrump
11481,2,antitrump
11498,2,antitrump
12180,2,antitrump
12151,2,protrump
12211,2,antitrump
12079,2,antitrump
11659,2,antitrump
11521,2,antitrump
11501,2,protrump
2499,2,antitrump
11462,2,antitrump
11431,2,protrump
11387,2,antitrump
11672,2,protrump
11997,2,neutral
11772,2,antitrump
11837,2,protrump
6647,2,neutral
11752,2,protrump
11540,2,antitrump
11859,2,protrump
11578,2,neutral
11943,2,neutral
11472,2,antitrump
11949,2,protrump
11412,2,protrump
12003,2,antitrump
11410,2,antitrump
11775,2,neutral
11905,2,antitrump
12169,2,antitrump
11795,2,antitrump
11731,2,neutral
12132,2,neutral
12152,2,antitrump
8101,2,antitrump
11827,2,protrump
11453,2,antitrump
11918,2,antitrump
11970,2,protrump
11712,2,protrump
11955,2,antitrump
11714,2,antitrump
12149,2,antitrump
12193,2,antitrump
12092,2,antitrump
11636,2,antitrump
11455,2,neutral
11151,2,antitrump
11237,2,antitrump
12098,2,antitrump
11973,2,neutral
11355,2,antitrump
11902,2,antitrump
11951,2,protrump
12131,2,antitrump
11746,2,protrump
11722,2,protrump
9310,2,antitrump
11494,2,antitrump
11855,2,protrump
11866,2,protrump
11531,2,neutral
12007,2,antitrump
11829,2,protrump
12068,2,neutral
2191,2,protrump
10659,2,protrump
12055,2,antitrump
11393,2,antitrump
11263,2,antitrump
11690,2,antitrump
12158,2,antitrump
11562,2,antitrump
11509,2,antitrump
11525,2,antitrump
6097,2,antitrump
11686,2,antitrump
10625,2,antitrump
10771,2,antitrump
7978,2,antitrump
11018,2,protrump
11642,2,protrump
4727,2,antitrump
11396,2,neutral
11508,2,antitrump
3896,2,antitrump
12000,2,antitrump
4826,2,antitrump
12030,2,antitrump
7337,2,neutral
12067,2,antitrump
12137,2,antitrump
11347,2,antitrump
11350,2,antitrump
11352,2,antitrump
11356,2,neutral
11357,2,neutral
11370,2,protrump
11371,2,antitrump
2373,2,antitrump
11389,2,antitrump
11394,2,antitrump
11398,2,antitrump
11400,2,antitrump
11406,2,antitrump
11408,2,protrump
11418,2,antitrump
11426,2,antitrump
11436,2,neutral
11437,2,antitrump
11442,2,neutral
11446,2,antitrump
11460,2,protrump
11468,2,protrump
11470,2,antitrump
11475,2,protrump
11478,2,protrump
11480,2,protrump
11490,2,neutral
11493,2,antitrump
11496,2,antitrump
8774,2,neutral
11503,2,neutral
11520,2,antitrump
11526,2,protrump
11534,2,neutral
11549,2,antitrump
11557,2,antitrump
11564,2,antitrump
11566,2,antitrump
11576,2,protrump
11577,2,antitrump
11586,2,antitrump
11590,2,antitrump
11591,2,antitrump
11592,2,protrump
11595,2,protrump
11596,2,neutral
11597,2,neutral
11598,2,neutral
11606,2,neutral
11609,2,antitrump
11610,2,antitrump
11615,2,protrump
5458,2,antitrump
11619,2,antitrump
11629,2,protrump
11630,2,neutral
11631,2,antitrump
11632,2,antitrump
11633,2,protrump
11635,2,antitrump
11637,2,antitrump
11639,2,protrump
11641,2,neutral
11645,2,protrump
11652,2,protrump
5516,2,antitrump
11654,2,neutral
11657,2,protrump
10794,2,antitrump
11658,2,neutral
11660,2,antitrump
11664,2,antitrump
11670,2,protrump
11680,2,antitrump
11682,2,neutral
11683,2,antitrump
11689,2,antitrump
11695,2,protrump
11697,2,neutral
11698,2,protrump
11701,2,neutral
11704,2,antitrump
11708,2,antitrump
11710,2,antitrump
11718,2,protrump
11719,2,neutral
11724,2,protrump
11727,2,antitrump
11733,2,protrump
11737,2,antitrump
11743,2,neutral
11749,2,antitrump
7015,2,neutral
11753,2,protrump
11755,2,neutral
11761,2,neutral
11763,2,antitrump
11767,2,neutral
11771,2,protrump
11776,2,antitrump
11785,2,protrump
11789,2,antitrump
11791,2,neutral
11794,2,protrump
11800,2,antitrump
11805,2,antitrump
11806,2,antitrump
11808,2,neutral
11817,2,antitrump
11820,2,antitrump
11821,2,antitrump
11825,2,antitrump
11828,2,antitrump
11830,2,protrump
11832,2,antitrump
11833,2,antitrump
11834,2,protrump
11835,2,neutral
11836,2,protrump
11842,2,neutral
11854,2,antitrump
11860,2,antitrump
11863,2,antitrump
11867,2,antitrump
11873,2,antitrump
7188,2,antitrump
11882,2,protrump
11885,2,protrump
11893,2,antitrump
11894,2,antitrump
11895,2,antitrump
11899,2,protrump
11900,2,protrump
11901,2,protrump
11910,2,neutral
11911,2,antitrump
11914,2,protrump
11915,2,protrump
11917,2,neutral
11919,2,protrump
11920,2,antitrump
11922,2,antitrump
11931,2,protrump
11945,2,antitrump
11948,2,neutral
11950,2,antitrump
11960,2,antitrump
11961,2,antitrump
11965,2,antitrump
11969,2,antitrump
11975,2,antitrump
11990,2,protrump
11995,2,antitrump
12002,2,neutral
12006,2,antitrump
12012,2,antitrump
12014,2,neutral
12018,2,protrump
12019,2,antitrump
12025,2,antitrump
12028,2,protrump
12029,2,antitrump
12038,2,protrump
12040,2,protrump
12043,2,antitrump
12044,2,antitrump
12046,2,neutral
12052,2,protrump
12053,2,antitrump
12056,2,antitrump
2151,2,neutral
12059,2,protrump
12060,2,neutral
12061,2,protrump
12070,2,antitrump
12071,2,protrump
12073,2,protrump
12074,2,neutral
2172,2,neutral
12075,2,antitrump
12083,2,protrump
12084,2,antitrump
12093,2,protrump
12102,2,antitrump
3264,2,protrump
12104,2,protrump
12106,2,antitrump
12107,2,antitrump
12109,2,protrump
12114,2,antitrump
12117,2,antitrump
12119,2,antitrump
12122,2,protrump
12124,2,antitrump
12133,2,neutral
12138,2,antitrump
12143,2,protrump
12146,2,protrump
12153,2,protrump
12154,2,neutral
12160,2,protrump
12161,2,protrump
12162,2,protrump
12164,2,antitrump
12165,2,neutral
3347,2,antitrump
12174,2,antitrump
12176,2,antitrump
12179,2,neutral
9537,2,antitrump
12182,2,antitrump
12183,2,protrump
12186,2,antitrump
7500,2,protrump
12199,2,antitrump
12206,2,antitrump
12210,2,protrump
11647,3,antitrump
11994,3,antitrump
10940,3,antitrump
11155,3,antitrump
654,3,neutral
917,3,antitrump
12470,3,antitrump
11017,3,neutral
11280,3,antitrump
11196,3,neutral
13172,3,antitrump
671,3,antitrump
11889,3,antitrump
10895,3,antitrump
11224,3,antitrump
6826,3,antitrump
11218,3,antitrump
10920,3,antitrump
11317,3,antitrump
10970,3,antitrump
10803,3,antitrump
838,3,antitrump
11376,3,antitrump
12101,3,antitrump
10643,3,antitrump
11126,3,antitrump
11477,3,antitrump
8804,3,neutral
10681,3,neutral
12205,3,antitrump
10554,3,antitrump
2779,3,antitrump
13024,3,antitrump
10610,3,antitrump
10265,3,antitrump
12964,3,antitrump
10862,3,antitrump
12776,3,protrump
10601,3,protrump
11818,3,neutral
11231,3,antitrump
10759,3,antitrump
8964,3,antitrump
1154,3,antitrump
11208,3,antitrump
12511,3,antitrump
10560,3,neutral
10720,3,antitrump
849,3,antitrump
11108,3,antitrump
10692,3,antitrump
11284,3,neutral
11713,3,neutral
11338,3,antitrump
1384,3,antitrump
10817,3,antitrump
10473,3,antitrump
10527,3,antitrump
2231,3,neutral
7455,3,antitrump
13054,3,protrump
11232,3,antitrump
4194,3,antitrump
11216,3,antitrump
11912,3,antitrump
762,3,neutral
731,3,antitrump
10983,3,antitrump
13181,3,antitrump
12832,3,antitrump
12281,3,antitrump
5105,3,antitrump
12034,3,antitrump
11256,3,antitrump
1121,3,antitrump
1900,3,neutral
11954,3,antitrump
10495,3,antitrump
13165,3,antitrump
10514,3,antitrump
11104,3,antitrump
10531,3,neutral
10535,3,neutral
12731,3,neutral
10989,3,neutral
11123,3,antitrump
10599,3,antitrump
10793,3,antitrump
11212,3,antitrump
6085,3,antitrump
8492,3,antitrump
12513,3,antitrump
11057,3,antitrump
10875,3,antitrump
11043,3,antitrump
13963,3,antitrump
11041,3,neutral
11740,3,neutral
12181,3,neutral
6383,3,antitrump
12121,3,protrump
2346,3,neutral
11074,3,antitrump
4237,3,antitrump
11029,3,antitrump
11826,3,neutral
12188,3,antitrump
6475,3,neutral
13922,3,antitrump
13280,3,antitrump
13637,3,neutral
5956,3,neutral
12144,3,neutral
13585,3,neutral
11251,3,neutral
7339,3,antitrump
13663,3,antitrump
11362,3,antitrump
11159,3,antitrump
11926,3,neutral
10925,3,antitrump
10649,3,antitrump
11717,3,antitrump
10563,3,antitrump
13744,3,antitrump
5096,3,antitrump
13629,3,antitrump
13555,3,neutral
13659,3,neutral
11329,3,neutral
13915,3,antitrump
10501,3,antitrump
11450,3,antitrump
2286,3,neutral
13420,3,antitrump
10717,3,antitrump
11420,3,neutral
11207,3,protrump
13482,3,antitrump
11599,3,antitrump
11279,3,antitrump
11471,3,neutral
11189,3,antitrump
12080,3,neutral
4910,3,neutral
11545,3,antitrump
11448,3,neutral
11169,3,antitrump
11066,3,antitrump
5062,3,neutral
10789,3,neutral
10819,3,neutral
12096,3,neutral
10482,3,protrump
8785,3,neutral
8456,3,antitrump
11839,3,antitrump
12139,3,neutral
6593,3,neutral
12196,3,antitrump
10966,3,antitrump
11747,3,antitrump
11058,3,neutral
12064,3,antitrump
11383,3,neutral
12135,3,antitrump
2918,3,antitrump
11884,3,antitrump
6175,3,antitrump
10747,3,antitrump
12111,3,neutral
1111,3,antitrump
173,3,antitrump
11551,3,antitrump
11306,3,antitrump
10993,3,antitrump
6190,3,antitrump
10651,3,antitrump
11414,3,antitrump
2284,3,protrump
5235,3,antitrump
10604,3,antitrump
11640,3,neutral
11421,3,antitrump
11770,3,antitrump
11984,3,antitrump
11602,3,antitrump
11924,3,neutral
11913,3,protrump
5670,3,neutral
11613,3,protrump
11417,3,neutral
12041,3,antitrump
11981,3,antitrump
9349,3,antitrump
11378,3,neutral
11544,3,antitrump
1110,3,antitrump
11793,3,protrump
11684,3,antitrump
11513,3,neutral
11464,3,neutral
11923,3,antitrump
11874,3,antitrump
11552,3,antitrump
12021,3,antitrump
11745,3,neutral
11481,3,antitrump
12180,3,antitrump
11731,3,neutral
11237,3,antitrump
14196,3,neutral
10828,3,antitrump
14368,3,antitrump
11059,3,antitrump
14108,3,protrump
1569,3,protrump
6542,3,antitrump
14610,3,antitrump
14502,3,neutral
14290,3,protrump
14187,3,neutral
11310,3,protrump
257,3,antitrump
14513,3,antitrump
14386,3,neutral
14504,3,neutral
14209,3,antitrump
14603,3,protrump
1048,3,antitrump
14400,3,antitrump
14003,3,neutral
14581,3,antitrump
11200,3,neutral
14358,3,antitrump
14515,3,neutral
14364,3,antitrump
14099,3,antitrump
5794,3,antitrump
5071,3,antitrump
13986,3,protrump
14479,3,protrump
14547,3,neutral
14661,3,antitrump
11243,3,neutral
3115,3,antitrump
14372,3,protrump
14363,3,antitrump
14345,3,antitrump
14262,3,antitrump
13982,3,antitrump
13985,3,antitrump
14495,3,neutral
14062,3,antitrump
14267,3,protrump
2124,3,neutral
10821,3,antitrump
14544,3,antitrump
11292,3,antitrump
12068,3,antitrump
14210,3,protrump
14182,3,protrump
14606,3,antitrump
14350,3,protrump
14258,3,antitrump
766,3,antitrump
14282,3,neutral
14381,3,antitrump
246,3,antitrump
14652,3,neutral
14389,3,protrump
11084,3,neutral
14172,3,antitrump
7686,3,neutral
14232,3,protrump
14284,3,neutral
10785,3,protrump
14605,3,antitrump
14266,3,antitrump
14016,3,antitrump
14629,3,antitrump
14080,3,protrump
13989,3,neutral
10673,3,antitrump
14188,3,antitrump
2191,3,neutral
14560,3,neutral
14521,3,antitrump
14454,3,antitrump
14465,3,protrump
10626,3,antitrump
14055,3,antitrump
14655,3,neutral
943,3,antitrump
11114,3,antitrump
343,3,antitrump
14571,3,antitrump
14468,3,antitrump
14456,3,antitrump
14488,3,antitrump
14123,3,antitrump
14180,3,neutral
14270,3,antitrump
14234,3,antitrump
14201,3,antitrump
14048,3,protrump
10659,3,antitrump
13979,3,antitrump
14353,3,protrump
5347,3,neutral
14230,3,antitrump
14409,3,antitrump
14272,3,protrump
14492,3,protrump
14240,3,antitrump
14045,3,neutral
14621,3,protrump
5065,3,antitrump
10727,3,neutral
14300,3,antitrump
14161,3,protrump
10650,3,antitrump
5862,3,protrump
14408,3,antitrump
14158,3,neutral
14011,3,antitrump
14508,3,protrump
14380,3,protrump
14410,3,antitrump
14202,3,protrump
14315,3,antitrump
10583,3,neutral
14484,3,antitrump
10467,3,neutral
14626,3,antitrump
14650,3,neutral
2270,3,neutral
14557,3,protrump
358,3,antitrump
14139,3,protrump
14404,3,antitrump
14005,3,antitrump
12055,3,antitrump
14505,3,antitrump
14264,3,protrump
14255,3,antitrump
14429,3,protrump
14611,3,protrump
14425,3,antitrump
14522,3,neutral
14168,3,protrump
14040,3,antitrump
14635,3,neutral
7998,3,antitrump
14366,3,antitrump
11290,3,antitrump
14192,3,antitrump
14031,3,neutral
14332,3,antitrump
14423,3,antitrump
14645,3,neutral
14054,3,neutral
13972,3,neutral
14091,3,protrump
14260,3,antitrump
10676,3,antitrump
14026,3,protrump
14144,3,antitrump
13988,3,antitrump
14065,3,antitrump
14049,3,antitrump
14175,3,antitrump
14648,3,antitrump
14138,3,protrump
14591,3,neutral
14545,3,protrump
14212,3,antitrump
14204,3,protrump
14034,3,protrump
14617,3,antitrump
11175,3,antitrump
14195,3,protrump
14035,3,protrump
10820,3,antitrump
14322,3,antitrump
14509,3,neutral
14113,3,protrump
14308,3,protrump
14539,3,neutral
14012,3,protrump
14318,3,neutral
14486,3,protrump
14068,3,neutral
14283,3,antitrump
14277,3,antitrump
13993,3,neutral
14074,3,protrump
13996,3,antitrump
14442,3,neutral
14397,3,antitrump
10594,3,antitrump
14293,3,neutral
10748,3,antitrump
14200,3,protrump
11324,3,antitrump
14590,3,antitrump
7715,3,antitrump
14367,3,antitrump
13990,3,protrump
14499,3,antitrump
14265,3,antitrump
13967,3,protrump
14527,3,antitrump
10807,3,antitrump
14356,3,antitrump
11011,3,antitrump
14042,3,antitrump
10908,3,antitrump
10635,3,neutral
10805,3,neutral
14551,3,protrump
1738,3,antitrump
14103,3,antitrump
14336,3,protrump
14153,3,protrump
14640,3,antitrump
14524,3,antitrump
14128,3,antitrump
14588,3,neutral
14136,3,neutral
10478,3,protrump
14299,3,antitrump
14077,3,antitrump
14452,3,antitrump
8242,3,antitrump
14038,3,neutral
14122,3,protrump
14307,3,antitrump
14015,3,neutral
14436,3,neutral
10755,3,antitrump
14109,3,antitrump
14014,3,neutral
14253,3,protrump
14561,3,antitrump
14082,3,neutral
14069,3,neutral
14028,3,protrump
14043,3,neutral
11282,3,antitrump
14609,3,antitrump
14531,3,antitrump
14092,3,protrump
14191,3,protrump
5380,3,neutral
14097,3,neutral
14633,3,neutral
14002,3,neutral
14275,3,protrump
14667,3,neutral
11393,3,protrump
14305,3,protrump
13966,3,antitrump
957,3,antitrump
14622,3,neutral
14000,3,protrump
14126,3,protrump
14280,3,protrump
13984,3,protrump
14057,3,antitrump
14394,3,antitrump
14534,3,protrump
14453,3,antitrump
14218,3,antitrump
11263,3,neutral
14047,3,protrump
14132,3,antitrump
10823,3,neutral
11319,3,neutral
14335,3,antitrump
14628,3,antitrump
14391,3,antitrump
14352,3,antitrump
7836,3,antitrump
14371,3,antitrump
14001,3,protrump
14143,3,protrump
14184,3,antitrump
14632,3,protrump
14349,3,antitrump
14431,3,antitrump
14428,3,antitrump
14273,3,neutral
14156,3,protrump
14211,3,antitrump
10767,3,antitrump
14572,3,protrump
14199,3,protrump
4177,3,protrump
14075,3,neutral
14052,3,antitrump
14194,3,neutral
1182,3,antitrump
14447,3,antitrump
10744,3,neutral
14236,3,antitrump
14498,3,antitrump
14104,3,protrump
14178,3,protrump
14570,3,protrump
14274,3,protrump
14665,3,antitrump
14625,3,protrump
14145,3,neutral
11690,3,antitrump
14333,3,antitrump
2321,3,antitrump
14461,3,antitrump
13981,3,antitrump
14303,3,antitrump
14416,3,antitrump
14601,3,antitrump
2272,3,protrump
14271,3,antitrump
14263,3,antitrump
14646,3,antitrump
1386,3,neutral
14374,3,protrump
14563,3,antitrump
14169,3,neutral
14013,3,protrump
14073,3,antitrump
10719,3,neutral
14339,3,antitrump
10479,3,neutral
14093,3,neutral
14526,3,neutral
14027,3,antitrump
2863,3,neutral
14121,3,antitrump
14088,3,protrump
14021,3,protrump
14229,3,protrump
14130,3,antitrump
14090,3,antitrump
14342,3,protrump
14351,3,protrump
14354,3,protrump
13976,3,protrump
14208,3,protrump
14297,3,antitrump
14032,3,antitrump
8960,3,antitrump
14554,3,antitrump
14403,3,antitrump
14472,3,protrump
14338,3,antitrump
5852,3,protrump
14473,3,neutral
14023,3,neutral
14434,3,antitrump
14325,3,antitrump
12158,3,neutral
10880,3,neutral
14459,3,neutral
14494,3,protrump
14037,3,antitrump
14506,3,protrump
11206,3,antitrump
14102,3,antitrump
14471,3,antitrump
14664,3,antitrump
14618,3,antitrump
14006,3,protrump
14419,3,protrump
14477,3,neutral
14575,3,protrump
14024,3,neutral
11134,3,antitrump
14287,3,antitrump
14329,3,protrump
14398,3,protrump
14535,3,antitrump
14053,3,protrump
14379,3,protrump
14555,3,antitrump
14540,3,protrump
11305,3,neutral
14593,3,protrump
14141,3,antitrump
14174,3,neutral
14117,3,neutral
14251,3,protrump
14176,3,antitrump
13978,3,protrump
14223,3,antitrump
13968,3,antitrump
14519,3,antitrump
14649,3,neutral
14656,3,antitrump
6360,3,antitrump
14396,3,antitrump
13766,3,antitrump
14007,3,antitrump
14327,3,antitrump
14256,3,protrump
14341,3,protrump
14411,3,protrump
14235,3,antitrump
14302,3,antitrump
14576,3,neutral
14360,3,antitrump
14179,3,antitrump
14314,3,neutral
14362,3,antitrump
13999,3,neutral
14567,3,protrump
14167,3,antitrump
14413,3,antitrump
14448,3,neutral
14501,3,neutral
14474,3,neutral
14237,3,neutral
1253,3,protrump
14039,3,protrump
14238,3,antitrump
14220,3,protrump
14259,3,protrump
14244,3,protrump
14373,3,protrump
10628,3,neutral
14140,3,antitrump
14378,3,antitrump
14463,3,antitrump
14044,3,protrump
14163,3,antitrump
14530,3,neutral
14489,3,antitrump
14254,3,protrump
14149,3,protrump
14177,3,neutral
14376,3,antitrump
14511,3,protrump
8921,3,antitrump
14433,3,antitrump
8043,3,neutral
14249,3,antitrump
14029,3,protrump
14025,3,antitrump
14094,3,antitrump
10683,3,antitrump
14562,3,protrump
14500,3,antitrump
13973,3,antitrump
14514,3,protrump
14248,3,protrump
14446,3,antitrump
14278,3,protrump
14387,3,protrump
14096,3,protrump
13975,3,antitrump
14384,3,protrump
14612,3,protrump
14430,3,antitrump
14415,3,neutral
13970,3,protrump
14637,3,antitrump
13848,3,antitrump
14660,3,antitrump
14568,3,antitrump
11257,3,neutral
14620,3,protrump
14599,3,antitrump
10582,3,antitrump
14662,3,antitrump
14214,3,neutral
14083,3,antitrump
14510,3,protrump
14546,3,antitrump
14324,3,antitrump
14422,3,neutral
14482,3,antitrump
14064,3,neutral
14298,3,antitrump
14616,3,antitrump
14070,3,neutral
14424,3,protrump
10780,3,protrump
14309,3,neutral
14578,3,protrump
13217,3,antitrump
14418,3,antitrump
14292,3,antitrump
14427,3,antitrump
14493,3,antitrump
14414,3,antitrump
13992,3,antitrump
14559,3,antitrump
14537,3,antitrump
14004,3,antitrump
14247,3,antitrump
14076,3,antitrump
14385,3,protrump
10641,3,antitrump
11562,3,antitrump
14127,3,protrump
14319,3,antitrump
14134,3,antitrump
14586,3,protrump
14357,3,antitrump
14086,3,antitrump
14407,3,neutral
14643,3,protrump
14164,3,antitrump
14120,3,protrump
14142,3,protrump
14532,3,protrump
14481,3,antitrump
9185,3,antitrump
14250,3,neutral
14584,3,neutral
14634,3,protrump
14370,3,protrump
14443,3,antitrump
14659,3,antitrump
14170,3,antitrump
14320,3,neutral
14630,3,protrump
14412,3,antitrump
14455,3,neutral
14574,3,antitrump
14582,3,protrump
14548,3,neutral
14189,3,protrump
14445,3,antitrump
14131,3,antitrump
14608,3,protrump
14549,3,antitrump
14340,3,antitrump
14337,3,antitrump
7629,3,antitrump
14317,3,antitrump
14219,3,neutral
14089,3,antitrump
14245,3,protrump
14119,3,antitrump
11509,3,antitrump
14542,3,protrump
14224,3,antitrump
13977,3,neutral
14129,3,antitrump
10751,3,antitrump
14125,3,antitrump
10520,3,protrump
14115,3,neutral
14449,3,antitrump
14106,3,protrump
14155,3,protrump
14233,3,antitrump
14556,3,antitrump
14444,3,antitrump
14627,3,protrump
14657,3,antitrump
14171,3,antitrump
14291,3,antitrump
2145,3,antitrump
14100,3,antitrump
14222,3,protrump
14186,3,protrump
14328,3,antitrump
14226,3,neutral
11071,3,protrump
5907,3,antitrump
13987,3,antitrump
14451,3,antitrump
14520,3,protrump
14369,3,antitrump
14067,3,antitrump
14231,3,antitrump
11525,3,antitrump
3372,3,antitrump
14060,3,antitrump
14631,3,protrump
14252,3,protrump
14613,3,antitrump
14377,3,protrump
14148,3,antitrump
14654,3,antitrump
14242,3,antitrump
14636,3,antitrump
14585,3,protrump
14536,3,neutral
14580,3,protrump
14321,3,antitrump
6097,3,antitrump
11686,3,antitrump
14020,3,antitrump
14137,3,antitrump
14085,3,antitrump
11323,3,antitrump
11241,3,antitrump
10915,3,protrump
10968,3,antitrump
10731,3,neutral
11025,3,antitrump
11054,3,neutral
11031,3,antitrump
10837,3,protrump
11077,3,antitrump
12328,3,neutral
13273,3,protrump
13490,3,neutral
11689,3,antitrump
11776,3,antitrump
11915,3,neutral
11969,3,antitrump
12053,3,antitrump
13969,3,antitrump
13971,3,protrump
13974,3,antitrump
13980,3,antitrump
13983,3,protrump
13991,3,neutral
13994,3,antitrump
13995,3,neutral
13997,3,antitrump
13998,3,antitrump
14008,3,antitrump
14009,3,antitrump
14010,3,antitrump
14017,3,protrump
14018,3,antitrump
14019,3,protrump
14022,3,neutral
14030,3,protrump
14033,3,protrump
14036,3,antitrump
14041,3,antitrump
14046,3,antitrump
14050,3,antitrump
14051,3,antitrump
14056,3,protrump
14058,3,protrump
14059,3,antitrump
14061,3,protrump
14063,3,protrump
14066,3,protrump
14071,3,protrump
14072,3,antitrump
14078,3,protrump
10612,3,protrump
14079,3,protrump
14081,3,neutral
14084,3,antitrump
14087,3,neutral
14095,3,protrump
14098,3,protrump
14101,3,antitrump
14105,3,protrump
14107,3,neutral
14110,3,protrump
14111,3,neutral
14112,3,antitrump
14114,3,protrump
14116,3,protrump
14118,3,protrump
14124,3,antitrump
14133,3,protrump
14135,3,neutral
14146,3,protrump
14147,3,antitrump
14150,3,protrump
14151,3,antitrump
14152,3,antitrump
14154,3,protrump
14157,3,antitrump
14159,3,protrump
14160,3,antitrump
14162,3,antitrump
14165,3,protrump
14166,3,antitrump
14173,3,antitrump
14181,3,protrump
14183,3,protrump
14185,3,protrump
14190,3,antitrump
14193,3,antitrump
14197,3,protrump
14198,3,neutral
14203,3,protrump
14205,3,protrump
14206,3,protrump
14207,3,antitrump
14213,3,antitrump
14215,3,antitrump
14216,3,protrump
14217,3,antitrump
14221,3,antitrump
14225,3,protrump
14227,3,antitrump
14228,3,neutral
14239,3,neutral
14241,3,antitrump
14243,3,protrump
14246,3,neutral
14257,3,protrump
14261,3,antitrump
14268,3,antitrump
14269,3,antitrump
14276,3,antitrump
14279,3,neutral
14281,3,protrump
14285,3,antitrump
14286,3,antitrump
14288,3,protrump
14289,3,neutral
14294,3,neutral
14295,3,antitrump
14296,3,antitrump
14301,3,protrump
14304,3,protrump
9098,3,neutral
14306,3,protrump
14310,3,antitrump
14311,3,antitrump
14312,3,antitrump
14313,3,neutral
14316,3,antitrump
14323,3,protrump
14326,3,antitrump
14330,3,antitrump
14331,3,antitrump
14334,3,antitrump
14343,3,antitrump
14344,3,protrump
14346,3,antitrump
14347,3,protrump
14348,3,protrump
14355,3,protrump
14359,3,antitrump
14361,3,antitrump
14365,3,neutral
14375,3,antitrump
14382,3,neutral
14383,3,antitrump
14388,3,neutral
14390,3,antitrump
14392,3,antitrump
14393,3,antitrump
14395,3,neutral
14399,3,antitrump
14401,3,protrump
14402,3,protrump
14405,3,antitrump
14406,3,protrump
14417,3,neutral
14420,3,protrump
14421,3,antitrump
3047,3,antitrump
14426,3,protrump
14432,3,neutral
14435,3,antitrump
14437,3,antitrump
14438,3,protrump
14439,3,antitrump
14440,3,protrump
14441,3,protrump
14450,3,antitrump
14457,3,antitrump
14458,3,protrump
14460,3,antitrump
14462,3,antitrump
14464,3,protrump
14466,3,antitrump
14467,3,antitrump
14469,3,antitrump
14470,3,protrump
14475,3,antitrump
14476,3,antitrump
14478,3,neutral
14480,3,antitrump
14483,3,protrump
14485,3,antitrump
14487,3,antitrump
14490,3,protrump
14491,3,antitrump
14496,3,protrump
14497,3,antitrump
14503,3,neutral
14507,3,protrump
14512,3,antitrump
14516,3,antitrump
14517,3,neutral
14518,3,antitrump
14523,3,neutral
14525,3,antitrump
14528,3,antitrump
14529,3,neutral
14533,3,antitrump
14538,3,antitrump
14541,3,protrump
14543,3,antitrump
2150,3,protrump
14550,3,antitrump
14552,3,protrump
14553,3,protrump
14558,3,antitrump
14564,3,protrump
14565,3,protrump
14566,3,antitrump
14569,3,antitrump
14573,3,protrump
14577,3,antitrump
14579,3,protrump
14583,3,protrump
14587,3,antitrump
14589,3,antitrump
14592,3,protrump
14594,3,protrump
14595,3,protrump
14596,3,antitrump
14597,3,protrump
14598,3,antitrump
14600,3,protrump
14602,3,antitrump
14604,3,antitrump
14607,3,antitrump
14614,3,protrump
14615,3,neutral
14619,3,neutral
14623,3,antitrump
14624,3,antitrump
14638,3,antitrump
14639,3,neutral
14641,3,neutral
14642,3,protrump
14644,3,antitrump
14647,3,antitrump
14651,3,protrump
14653,3,antitrump
14658,3,antitrump
14663,3,protrump
14666,3,antitrump
14668,3,antitrump
10940,4,antitrump
11155,4,neutral
654,4,neutral
917,4,neutral
11017,4,neutral
11280,4,antitrump
11196,4,protrump
671,4,antitrump
10895,4,antitrump
11224,4,antitrump
6826,4,neutral
11218,4,antitrump
10920,4,antitrump
11317,4,antitrump
10970,4,antitrump
10803,4,antitrump
10643,4,neutral
11126,4,antitrump
8804,4,neutral
10681,4,neutral
10554,4,neutral
11270,4,neutral
10610,4,antitrump
10265,4,antitrump
10862,4,antitrump
10601,4,neutral
11231,4,antitrump
10759,4,antitrump
8964,4,antitrump
1154,4,antitrump
11208,4,antitrump
10560,4,neutral
10720,4,antitrump
849,4,antitrump
11108,4,antitrump
10692,4,antitrump
11284,4,neutral
11338,4,antitrump
1384,4,neutral
10817,4,antitrump
10473,4,neutral
10527,4,antitrump
2231,4,antitrump
7455,4,antitrump
10732,4,antitrump
11232,4,neutral
4194,4,antitrump
11216,4,antitrump
11085,4,antitrump
762,4,antitrump
731,4,antitrump
10983,4,antitrump
5105,4,neutral
11256,4,antitrump
1900,4,antitrump
10713,4,neutral
10495,4,antitrump
10514,4,antitrump
11104,4,antitrump
10531,4,protrump
10535,4,neutral
10989,4,neutral
11123,4,antitrump
11142,4,neutral
10599,4,antitrump
11268,4,antitrump
10793,4,antitrump
11182,4,antitrump
10519,4,antitrump
11212,4,antitrump
6085,4,antitrump
8492,4,antitrump
11217,4,antitrump
11057,4,antitrump
10875,4,antitrump
11043,4,antitrump
2062,4,neutral
11041,4,neutral
6383,4,antitrump
10998,4,antitrump
11074,4,neutral
4237,4,antitrump
152,4,antitrump
11029,4,antitrump
10763,4,neutral
10888,4,neutral
10795,4,neutral
5050,4,antitrump
5956,4,neutral
851,4,neutral
11251,4,neutral
10646,4,antitrump
11159,4,antitrump
11297,4,antitrump
10925,4,antitrump
10649,4,antitrump
10563,4,antitrump
5096,4,antitrump
11329,4,neutral
11273,4,protrump
10766,4,antitrump
11334,4,antitrump
10501,4,antitrump
2286,4,neutral
10717,4,protrump
11207,4,neutral
11279,4,antitrump
11189,4,neutral
11171,4,antitrump
11169,4,antitrump
9525,4,neutral
11066,4,neutral
2424,4,neutral
10742,4,antitrump
10789,4,antitrump
10819,4,antitrump
10482,4,neutral
8785,4,antitrump
602,4,neutral
9882,4,neutral
10966,4,antitrump
10634,4,neutral
11058,4,neutral
2918,4,neutral
6175,4,antitrump
10747,4,antitrump
11302,4,antitrump
1111,4,antitrump
11306,4,antitrump
10993,4,antitrump
6190,4,antitrump
10651,4,antitrump
10604,4,antitrump
5670,4,neutral
10730,4,antitrump
1110,4,neutral
11187,4,antitrump
11288,4,antitrump
11151,4,antitrump
11237,4,antitrump
10828,4,antitrump
11059,4,neutral
6542,4,neutral
11310,4,neutral
257,4,antitrump
11200,4,protrump
11243,4,neutral
10821,4,antitrump
11292,4,neutral
766,4,antitrump
246,4,neutral
11084,4,neutral
10785,4,protrump
10673,4,neutral
10626,4,antitrump
943,4,neutral
11114,4,antitrump
10659,4,neutral
5065,4,antitrump
10727,4,antitrump
10650,4,neutral
5862,4,antitrump
10583,4,neutral
10467,4,neutral
11290,4,antitrump
10676,4,neutral
11175,4,antitrump
10820,4,neutral
10594,4,antitrump
10748,4,neutral
11324,4,protrump
10807,4,antitrump
11011,4,neutral
10908,4,antitrump
10635,4,protrump
10805,4,neutral
10478,4,neutral
10755,4,antitrump
11282,4,antitrump
5380,4,neutral
11263,4,antitrump
10823,4,antitrump
11319,4,antitrump
7836,4,antitrump
10767,4,antitrump
1182,4,antitrump
10744,4,neutral
10719,4,neutral
10479,4,antitrump
10880,4,neutral
11206,4,antitrump
11134,4,antitrump
11305,4,antitrump
6360,4,antitrump
10628,4,neutral
8921,4,antitrump
10683,4,neutral
11257,4,neutral
10582,4,neutral
10780,4,antitrump
10641,4,neutral
10751,4,antitrump
10520,4,protrump
2145,4,neutral
11071,4,antitrump
10991,4,protrump
11049,4,protrump
11156,4,antitrump
10967,4,protrump
11326,4,neutral
10943,4,antitrump
10486,4,antitrump
11003,4,antitrump
11034,4,neutral
10590,4,neutral
11281,4,antitrump
10572,4,protrump
11289,4,protrump
10969,4,neutral
11146,4,protrump
10631,4,antitrump
10622,4,neutral
10845,4,antitrump
796,4,neutral
10696,4,antitrump
11276,4,antitrump
10600,4,neutral
11040,4,antitrump
11285,4,protrump
11205,4,protrump
10841,4,protrump
10977,4,protrump
11275,4,antitrump
10741,4,antitrump
10632,4,antitrump
10611,4,antitrump
11192,4,protrump
10547,4,neutral
10782,4,antitrump
10539,4,antitrump
11030,4,neutral
10608,4,neutral
10999,4,antitrump
10985,4,protrump
10570,4,antitrump
11164,4,protrump
11184,4,antitrump
10472,4,neutral
10869,4,antitrump
10584,4,protrump
11101,4,neutral
10668,4,antitrump
11061,4,protrump
11050,4,neutral
11139,4,antitrump
11063,4,protrump
10630,4,antitrump
11239,4,antitrump
11304,4,antitrump
11160,4,antitrump
10856,4,neutral
10878,4,antitrump
819,4,antitrump
11259,4,protrump
10561,4,protrump
4306,4,antitrump
10876,4,antitrump
10504,4,antitrump
11172,4,neutral
11246,4,antitrump
6234,4,antitrump
10948,4,antitrump
11020,4,antitrump
11128,4,antitrump
11323,4,protrump
10562,4,antitrump
11119,4,protrump
5919,4,protrump
10623,4,antitrump
10871,4,neutral
11303,4,antitrump
10757,4,antitrump
11299,4,antitrump
11090,4,neutral
11219,4,antitrump
10877,4,neutral
10621,4,protrump
11149,4,antitrump
10509,4,antitrump
11099,4,antitrump
10978,4,antitrump
11076,4,protrump
10704,4,antitrump
10798,4,protrump
11112,4,neutral
10995,4,protrump
10559,4,antitrump
11190,4,antitrump
10872,4,protrump
10911,4,antitrump
10958,4,protrump
11291,4,protrump
10663,4,protrump
578,4,antitrump
10936,4,antitrump
11330,4,antitrump
11039,4,protrump
10647,4,antitrump
11309,4,protrump
10490,4,protrump
11277,4,antitrump
10687,4,antitrump
10496,4,protrump
11267,4,antitrump
10488,4,neutral
10792,4,antitrump
10538,4,protrump
10816,4,antitrump
11073,4,antitrump
10656,4,neutral
10891,4,protrump
11253,4,protrump
10587,4,protrump
11032,4,antitrump
10973,4,antitrump
10675,4,protrump
10887,4,antitrump
10743,4,neutral
10903,4,antitrump
10834,4,antitrump
10462,4,antitrump
10930,4,antitrump
11121,4,neutral
10901,4,neutral
11161,4,antitrump
11264,4,neutral
11144,4,neutral
10971,4,neutral
11307,4,neutral
10468,4,neutral
10525,4,antitrump
10852,4,antitrump
10859,4,protrump
10760,4,neutral
11141,4,protrump
831,4,antitrump
11038,4,antitrump
10952,4,neutral
10904,4,protrump
10992,4,antitrump
11115,4,protrump
11241,4,antitrump
10915,4,protrump
10589,4,protrump
10701,4,neutral
10836,4,antitrump
10826,4,protrump
11002,4,antitrump
10625,4,neutral
11223,4,protrump
10996,4,antitrump
10579,4,neutral
10546,4,protrump
10968,4,antitrump
10664,4,antitrump
11042,4,antitrump
10750,4,neutral
3861,4,protrump
10470,4,protrump
11091,4,neutral
10912,4,protrump
5019,4,protrump
10736,4,antitrump
11202,4,neutral
11023,4,neutral
11107,4,neutral
10964,4,neutral
10860,4,neutral
10994,4,neutral
10866,4,neutral
10910,4,antitrump
11185,4,neutral
11069,4,antitrump
10466,4,antitrump
10806,4,neutral
10689,4,antitrump
10620,4,antitrump
10510,4,protrump
11314,4,neutral
11092,4,antitrump
11165,4,antitrump
11162,4,protrump
11179,4,antitrump
10533,4,antitrump
10988,4,antitrump
10783,4,protrump
5938,4,antitrump
11062,4,antitrump
10919,4,protrump
10728,4,protrump
10721,4,antitrump
10812,4,antitrump
10776,4,neutral
11221,4,antitrump
10879,4,neutral
11051,4,protrump
11082,4,neutral
10899,4,protrump
10835,4,antitrump
10897,4,neutral
10507,4,antitrump
10731,4,antitrump
10609,4,neutral
10900,4,protrump
7026,4,antitrump
11312,4,antitrump
11083,4,protrump
10929,4,antitrump
10735,4,protrump
10788,4,protrump
10945,4,protrump
10802,4,antitrump
10865,4,antitrump
11103,4,antitrump
11027,4,protrump
11153,4,neutral
11132,4,neutral
11118,4,protrump
10558,4,antitrump
10923,4,neutral
10873,4,protrump
10756,4,protrump
11037,4,protrump
10586,4,antitrump
10598,4,antitrump
11131,4,antitrump
11136,4,antitrump
10737,4,antitrump
10503,4,protrump
11048,4,antitrump
11250,4,antitrump
10723,4,antitrump
10711,4,antitrump
10745,4,neutral
10518,4,protrump
10489,4,antitrump
11093,4,antitrump
11194,4,antitrump
11242,4,antitrump
10941,4,antitrump
11234,4,antitrump
2205,4,antitrump
11005,4,protrump
10781,4,neutral
10868,4,protrump
11226,4,neutral
10605,4,protrump
10708,4,protrump
10927,4,protrump
11060,4,neutral
90,4,antitrump
10661,4,antitrump
10697,4,protrump
10893,4,antitrump
10725,4,antitrump
10884,4,antitrump
10937,4,neutral
10858,4,protrump
10956,4,antitrump
11293,4,protrump
10938,4,neutral
11308,4,protrump
11211,4,protrump
11258,4,antitrump
11313,4,protrump
10477,4,antitrump
10540,4,neutral
10642,4,antitrump
10791,4,neutral
10885,4,antitrump
10962,4,neutral
11109,4,antitrump
11177,4,protrump
11124,4,neutral
10771,4,antitrump
10905,4,neutral
10906,4,antitrump
10838,4,protrump
10874,4,protrump
11135,4,protrump
10521,4,neutral
10894,4,protrump
10480,4,neutral
11222,4,antitrump
11110,4,neutral
10729,4,antitrump
10709,4,protrump
11220,4,protrump
10672,4,protrump
10796,4,antitrump
10497,4,protrump
11262,4,antitrump
10918,4,neutral
11025,4,neutral
11283,4,antitrump
11054,4,neutral
11298,4,antitrump
10633,4,neutral
10932,4,antitrump
10577,4,antitrump
10506,4,neutral
10769,4,neutral
10532,4,neutral
10762,4,antitrump
10846,4,antitrump
10670,4,antitrump
10857,4,protrump
10691,4,antitrump
11143,4,protrump
10523,4,protrump
11013,4,protrump
11137,4,protrump
11102,4,neutral
11053,4,antitrump
11274,4,antitrump
10754,4,neutral
446,4,protrump
10889,4,neutral
10591,4,antitrump
229,4,neutral
10680,4,neutral
10677,4,protrump
10588,4,neutral
11225,4,neutral
10505,4,protrump
11001,4,neutral
10526,4,antitrump
11300,4,neutral
10460,4,neutral
10695,4,protrump
10483,4,protrump
11235,4,antitrump
10464,4,neutral
10607,4,antitrump
10953,4,antitrump
10982,4,neutral
10827,4,neutral
11331,4,protrump
10959,4,protrump
11294,4,protrump
10779,4,antitrump
11286,4,antitrump
11295,4,neutral
10861,4,antitrump
10870,4,neutral
11193,4,neutral
10603,4,neutral
10979,4,antitrump
11158,4,antitrump
11044,4,protrump
10832,4,antitrump
10848,4,antitrump
10565,4,protrump
10787,4,protrump
10801,4,antitrump
11012,4,protrump
10842,4,neutral
10914,4,antitrump
10593,4,neutral
10799,4,protrump
10939,4,antitrump
11157,4,antitrump
10512,4,protrump
11130,4,antitrump
10669,4,protrump
10693,4,antitrump
11014,4,neutral
10679,4,neutral
10545,4,antitrump
10660,4,antitrump
10715,4,protrump
11140,4,antitrump
10772,4,protrump
10987,4,protrump
10718,4,neutral
10909,4,neutral
11227,4,antitrump
10810,4,protrump
10475,4,antitrump
11067,4,neutral
10890,4,protrump
10824,4,antitrump
10811,4,neutral
7978,4,antitrump
11186,4,antitrump
10710,4,antitrump
10678,4,protrump
11127,4,antitrump
11213,4,protrump
10682,4,antitrump
10770,4,antitrump
10851,4,neutral
10972,4,protrump
11265,4,neutral
11197,4,antitrump
11070,4,protrump
11209,4,neutral
10739,4,protrump
11045,4,antitrump
4404,4,antitrump
10975,4,neutral
10928,4,antitrump
9118,4,neutral
10629,4,antitrump
10831,4,antitrump
11009,4,neutral
10556,4,antitrump
10543,4,neutral
10655,4,antitrump
10706,4,protrump
10981,4,protrump
11328,4,antitrump
10529,4,neutral
11167,4,protrump
10549,4,antitrump
11215,4,antitrump
11191,4,protrump
10498,4,protrump
10494,4,antitrump
10881,4,neutral
11301,4,antitrump
10935,4,antitrump
10818,4,protrump
10465,4,protrump
11278,4,antitrump
5401,4,protrump
11269,4,protrump
11125,4,protrump
10804,4,neutral
10517,4,protrump
1115,4,antitrump
10886,4,protrump
10671,4,protrump
11214,4,protrump
11072,4,protrump
10644,4,protrump
11335,4,antitrump
10487,4,protrump
11000,4,antitrump
11024,4,antitrump
10574,4,antitrump
11287,4,protrump
11031,4,neutral
11106,4,antitrump
10665,4,antitrump
11201,4,antitrump
10822,4,neutral
11152,4,neutral
10614,4,antitrump
11315,4,protrump
10652,4,antitrump
11322,4,protrump
11075,4,antitrump
10837,4,antitrump
10463,4,antitrump
10784,4,protrump
10553,4,protrump
10657,4,antitrump
10716,4,neutral
10902,4,antitrump
10616,4,neutral
8356,4,protrump
11327,4,antitrump
11266,4,protrump
11052,4,neutral
10926,4,protrump
10615,4,protrump
11018,4,protrump
10963,4,antitrump
10944,4,protrump
11028,4,antitrump
10544,4,protrump
10606,4,protrump
11229,4,antitrump
11333,4,neutral
11122,4,antitrump
11254,4,neutral
11026,4,neutral
11035,4,neutral
10808,4,protrump
11098,4,antitrump
10892,4,antitrump
10581,4,antitrump
10578,4,antitrump
11065,4,protrump
11176,4,antitrump
11173,4,antitrump
11180,4,neutral
10867,4,protrump
11174,4,antitrump
11081,4,antitrump
11199,4,protrump
11210,4,antitrump
11230,4,protrump
10942,4,antitrump
372,4,neutral
10575,4,protrump
10686,4,neutral
11077,4,neutral
11261,4,antitrump
11248,4,antitrump
5335,4,antitrump
10986,4,protrump
10571,4,protrump
10567,4,neutral
11318,4,neutral
10752,4,antitrump
11008,4,antitrump
10849,4,antitrump
6191,4,antitrump
10775,4,antitrump
10809,4,antitrump
11116,4,neutral
10794,4,antitrump
3347,4,neutral
10612,4,neutral
3047,4,antitrump
10461,4,antitrump
10469,4,protrump
10471,4,antitrump
10474,4,antitrump
10476,4,neutral
10481,4,antitrump
10484,4,antitrump
10485,4,protrump
10491,4,antitrump
10492,4,neutral
10493,4,antitrump
10499,4,protrump
10500,4,antitrump
10502,4,neutral
10508,4,protrump
10511,4,protrump
10513,4,antitrump
10515,4,protrump
10516,4,protrump
10522,4,protrump
10524,4,antitrump
10528,4,antitrump
10530,4,protrump
10534,4,antitrump
10536,4,antitrump
10537,4,protrump
10541,4,antitrump
10542,4,neutral
10548,4,antitrump
10550,4,antitrump
10551,4,antitrump
10552,4,protrump
10555,4,protrump
10557,4,neutral
10564,4,neutral
10566,4,antitrump
10568,4,neutral
10569,4,neutral
10573,4,protrump
10576,4,antitrump
10580,4,antitrump
10585,4,antitrump
10592,4,protrump
10595,4,antitrump
10596,4,antitrump
10597,4,protrump
10602,4,protrump
10613,4,protrump
10617,4,antitrump
10618,4,antitrump
10619,4,antitrump
10624,4,protrump
10627,4,antitrump
10636,4,protrump
10637,4,neutral
10638,4,protrump
10639,4,protrump
10640,4,protrump
5276,4,protrump
10645,4,antitrump
10648,4,antitrump
10653,4,antitrump
10654,4,antitrump
10658,4,antitrump
10662,4,antitrump
10666,4,neutral
10667,4,antitrump
297,4,neutral
10674,4,antitrump
10684,4,antitrump
10685,4,antitrump
10688,4,protrump
10690,4,neutral
10694,4,protrump
10698,4,antitrump
10699,4,neutral
10700,4,antitrump
10702,4,antitrump
10703,4,neutral
10705,4,antitrump
10707,4,neutral
10712,4,antitrump
10714,4,protrump
10722,4,antitrump
10724,4,protrump
10726,4,neutral
10733,4,protrump
10734,4,protrump
10738,4,neutral
400,4,antitrump
10740,4,protrump
10746,4,neutral
10749,4,antitrump
10753,4,protrump
10758,4,neutral
10761,4,antitrump
10764,4,protrump
10765,4,neutral
10768,4,neutral
10773,4,protrump
10774,4,antitrump
10777,4,antitrump
10778,4,antitrump
10786,4,antitrump
10790,4,protrump
10797,4,protrump
5532,4,antitrump
10800,4,neutral
10813,4,antitrump
10814,4,protrump
10815,4,antitrump
10825,4,neutral
10829,4,protrump
10830,4,protrump
10833,4,protrump
10839,4,neutral
10840,4,protrump
10843,4,protrump
10844,4,protrump
10847,4,protrump
10850,4,antitrump
10853,4,neutral
10854,4,protrump
10855,4,protrump
10863,4,antitrump
10864,4,protrump
6985,4,antitrump
10882,4,protrump
10883,4,antitrump
10896,4,antitrump
10898,4,antitrump
10907,4,protrump
5739,4,protrump
10913,4,protrump
10916,4,protrump
10917,4,antitrump
10921,4,antitrump
10922,4,protrump
10924,4,neutral
10931,4,antitrump
696,4,antitrump
10933,4,antitrump
10934,4,protrump
10946,4,antitrump
10947,4,protrump
10949,4,antitrump
10950,4,protrump
10951,4,protrump
10954,4,antitrump
10955,4,antitrump
10957,4,protrump
10960,4,antitrump
10961,4,protrump
10965,4,protrump
10974,4,antitrump
10976,4,protrump
10980,4,protrump
10984,4,antitrump
10990,4,antitrump
5884,4,neutral
10997,4,antitrump
11004,4,antitrump
11006,4,neutral
11007,4,neutral
11010,4,antitrump
11015,4,neutral
11016,4,protrump
11019,4,neutral
11021,4,antitrump
11022,4,protrump
11033,4,antitrump
11036,4,neutral
11046,4,protrump
11047,4,antitrump
11055,4,antitrump
11056,4,protrump
11064,4,antitrump
11068,4,antitrump
11078,4,protrump
11079,4,neutral
11080,4,protrump
11086,4,protrump
11087,4,antitrump
11088,4,neutral
11089,4,antitrump
11094,4,antitrump
11095,4,neutral
11096,4,protrump
11097,4,antitrump
11100,4,protrump
11105,4,protrump
950,4,antitrump
11111,4,antitrump
11113,4,neutral
11117,4,neutral
11120,4,protrump
6080,4,antitrump
11129,4,protrump
11133,4,protrump
11138,4,antitrump
11145,4,protrump
11147,4,antitrump
11148,4,antitrump
11150,4,antitrump
11154,4,protrump
1001,4,neutral
11163,4,protrump
11166,4,protrump
11168,4,protrump
11170,4,antitrump
11178,4,protrump
11181,4,neutral
11183,4,neutral
11188,4,antitrump
8412,4,antitrump
11195,4,antitrump
11198,4,protrump
11203,4,protrump
11204,4,antitrump
11228,4,neutral
11233,4,neutral
11236,4,antitrump
11238,4,antitrump
11240,4,antitrump
11244,4,protrump
11245,4,neutral
11247,4,antitrump
11249,4,neutral
11252,4,protrump
11255,4,antitrump
11260,4,antitrump
11271,4,protrump
11272,4,antitrump
6352,4,protrump
11296,4,protrump
11311,4,protrump
11316,4,neutral
11320,4,antitrump
11321,4,protrump
11325,4,antitrump
11332,4,protrump
11336,4,antitrump
11337,4,protrump
